Datetime,Symbol,Close,log_return,EWMA,first_quartile,third_quartile,volatility_key
2025-02-03 03:00:00,AGXY3,0.6100000143051147,-0.12323261351759891,2.0688564989830964,0.4139936778380332,0.7086034204783295,high
2025-02-03 03:00:00,IFCM3,0.07999999821186066,0.13353136601530605,1.771866796199036,0.5910016325709367,1.0728555108404467,high
2025-02-03 03:00:00,AZEV3,1.7599999904632568,0.31845374805167254,1.6697069004411036,0.5360289280150798,0.8138930520867256,high
2025-02-03 03:00:00,AZEV4,1.7799999713897705,0.31424912044312203,1.65059232838003,0.6049802512495102,0.8829300018625881,high
2025-02-03 03:00:00,CGAS3,134.49000549316406,0.05730280122127093,1.3054720419906307,0.2581059896866774,0.44155296438728775,high
2025-02-03 03:00:00,PMAM3,1.1100000143051147,0.018182301348111794,1.2995748634675308,0.3511937955948537,0.615382505721275,high
2025-02-03 03:00:00,AERI3,6.159999847412109,-0.020884311872980992,1.1827364665635622,0.4654167591114833,0.7791919774168483,high
2025-02-03 03:00:00,GFSA3,1.350000023841858,-0.014706133209623379,1.0269794561496153,0.5334332827415631,0.842712930450231,high
2025-02-03 03:00:00,SNSY5,4.5,0.024748200102498525,1.004713305526141,0.417800472486674,0.694503369839855,high
2025-02-03 03:00:00,AMBP3,125.58000183105469,-0.04636791656595913,0.8932645203799529,0.4148788887583732,0.6675579050420488,high
2025-02-03 03:00:00,PPLA11,1.1799999475479126,-0.025105997108422044,0.8518569226689248,0.40949436464661393,0.687743077314664,high
2025-02-03 03:00:00,MGEL4,8.949999809265137,0.04572220571876607,0.8309399089539,0.43828376536475777,0.6626291239684746,high
2025-02-03 03:00:00,ONCO3,2.109999895095825,-0.009434135679107251,0.8248258375096327,0.41714922032725016,0.6906710894712036,high
2025-02-03 03:00:00,ANIM3,1.9900000095367432,-0.03457131149583322,0.8200205776325865,0.47836920565890784,0.6905839558479203,high
2025-02-03 03:00:00,VTRU3,5.559999942779541,-0.0035906647494279775,0.7676916916449394,0.43049117971021833,0.7367232507682532,high
2025-02-03 03:00:00,BGIP4,24.5,-0.06742463747473065,0.7608092074898191,0.23981907344299355,0.38754279164493116,high
2025-02-03 03:00:00,ZAMP3,2.7799999713897705,-0.045702193267386504,0.7440966472406275,0.44004483245575793,0.647536771135204,high
2025-02-03 03:00:00,TELB4,7.849999904632568,-0.05453644490003913,0.7329903879635005,0.3445620593776005,0.5199672813513111,high
2025-02-03 03:00:00,PDTC3,1.409999966621399,0.021506185003538333,0.7286565162582807,0.44540118460337363,0.6602629665598863,high
2025-02-03 03:00:00,NGRD3,20.049999237060547,-0.013868508186744396,0.7227893244092868,0.4105838674529605,0.6436459321954694,high
2025-02-03 03:00:00,PTNT3,9.3100004196167,-0.061445582247662174,0.7102580668095886,0.36015747269250503,0.6019266470407012,high
2025-02-03 03:00:00,INEP4,1.3600000143051147,-0.028987509324886983,0.7094768413925251,0.4375539262423585,0.6997389074965352,high
2025-02-03 03:00:00,AALR3,11.399999618530273,-0.033638389375550824,0.703608690519978,0.190335853215345,0.6546329107546892,high
2025-02-03 03:00:00,SYNE3,4.900000095367432,-0.0040733214317941755,0.7009562095834452,0.2943042722040974,0.4777924564275216,high
2025-02-03 03:00:00,JSLG3,5.559999942779541,-0.008952645362922272,0.6882006817026577,0.3599729926975669,0.49819342756116686,high
2025-02-03 03:00:00,TELB3,13.100000381469727,-0.007604555815782332,0.6798274677014805,0.3258323337077756,0.5821101934556254,high
2025-02-03 03:00:00,PLPL3,10.010000228881836,0.013072092849581987,0.6497995516821187,0.45007364154201823,0.5957902461530633,high
2025-02-03 03:00:00,MOVI3,3.690000057220459,-0.06808911742552201,0.6462555266653688,0.3990644485615269,0.5602339145103795,high
2025-02-03 03:00:00,RDNI3,2.25,0.0,0.6418956872251175,0.2526537765466355,0.4196997326819679,high
2025-02-03 03:00:00,MDIA3,23.09000015258789,0.0004331916405325589,0.6316891066093163,0.2471396596947891,0.39158214588000134,high
2025-02-03 03:00:00,SIMH3,3.390000104904175,-0.06287779094791826,0.6304611522634802,0.396026574534065,0.5474698751634963,high
2025-02-03 03:00:00,BEEF3,4.829999923706055,-0.0020683003863302307,0.5927358129660766,0.3182483876367529,0.4391172471352682,high
2025-02-03 03:00:00,EMAE4,43.20000076293945,-0.0269484286612382,0.5783601474538503,0.3107283412467329,0.5772351434117772,high
2025-02-03 03:00:00,GEPA3,31.0,0.07430647916749855,0.5706003664290406,0.22158805118052083,0.43570630390682696,high
2025-02-03 03:00:00,VAMO3,4.710000038146973,-0.02722683612749229,0.5680937492815865,0.3998367034448167,0.5417771298039976,high
2025-02-03 03:00:00,DMVF3,6.309999942779541,0.07911868020894228,0.5679725002981069,0.30728986654245793,0.48814784762453994,high
2025-02-03 03:00:00,BRKM6,8.0,0.0,0.5588973389966044,0.27402420712612696,0.5433766694716442,high
2025-02-03 03:00:00,CSNA3,9.039999961853027,-0.005515754791446704,0.5485866339190507,0.35292595077332356,0.5436095592954415,high
2025-02-03 03:00:00,LOGG3,19.09000015258789,0.010002743848722814,0.5461926818292321,0.3092243663825211,0.46695885294711226,high
2025-02-03 03:00:00,ECOR3,5.150000095367432,-0.009661855714007139,0.541809942248754,0.3343422995457014,0.49673958638854965,high
2025-02-03 03:00:00,ENGI4,7.199999809265137,0.03246580486025241,0.5382999756270269,0.2810145664823381,0.4146135904352519,high
2025-02-03 03:00:00,BRKM5,13.239999771118164,-0.04215046458447511,0.5370540460681318,0.3768354804732312,0.5143649946079234,high
2025-02-03 03:00:00,CSAN3,7.78000020980835,0.005154707127615423,0.5354223627081091,0.2667807616397287,0.360012100737379,high
2025-02-03 03:00:00,RPAD3,4.75,0.0,0.5350191168769468,0.18840309506735742,0.41770024413451784,high
2025-02-03 03:00:00,EKTR4,56.0,0.07410797215372183,0.5346136388513799,0.31005805612960724,0.5062073095333253,high
2025-02-03 03:00:00,ASAI3,6.920000076293945,0.02635588968922907,0.5288248562934612,0.2881763629579567,0.43648173607957735,high
2025-02-03 03:00:00,BRKM3,13.199999809265137,-0.006042308797982368,0.5277032991098878,0.3340279077068378,0.47222038307025455,high
2025-02-03 03:00:00,CRFB3,6.309999942779541,0.0192005715443826,0.5271469459832286,0.3120409796397994,0.4512546451137599,high
2025-02-03 03:00:00,ENGI3,11.640000343322754,-0.027120279913658556,0.5214370214757384,0.3318502207660615,0.45445781342159197,high
2025-02-03 03:00:00,BLAU3,12.779999732971191,-0.014757590861425494,0.5173510865447264,0.3475020400304255,0.4839694963056246,high
2025-02-03 03:00:00,BOBR4,2.259999990463257,0.02237227627366165,0.506949981599821,0.26340434653864153,0.4378570093965348,high
2025-02-03 03:00:00,CAML3,4.710000038146973,-0.010559800200275565,0.48500459801452256,0.30154335469494176,0.4184084191316759,high
2025-02-03 03:00:00,RPAD6,4.53000020980835,-0.03684048232387578,0.4831038984686984,0.17075419939854197,0.4337078666486566,high
2025-02-03 03:00:00,BGIP3,26.510000228881836,-0.015275419112581227,0.47970041996333096,0.1443890577427876,0.30723076879531974,high
2025-02-03 03:00:00,CMIN3,5.409999847412109,-0.009199732089834677,0.4732236976174063,0.3163115937779277,0.46841197217070457,high
2025-02-03 03:00:00,VIVA3,21.639999389648438,0.009751602047421967,0.46944748425828176,0.3067397210950586,0.4371944328790737,high
2025-02-03 03:00:00,SCAR3,18.139999389648438,-0.03892389852726925,0.46081359850814496,0.3173563080863703,0.42835852390349893,high
2025-02-03 03:00:00,RENT3,31.15999984741211,0.009350350405513227,0.46074112898734626,0.296354507986454,0.421091839951381,high
2025-02-03 03:00:00,INTB3,14.260000228881836,-0.005594414775422463,0.448877272118716,0.29256359359433803,0.42186565193619974,high
2025-02-03 03:00:00,OFSA3,18.350000381469727,0.002728577132426053,0.4353549750460334,0.26247860832647824,0.3791729054091365,high
2025-02-03 03:00:00,VBBR3,16.75,-0.00654573050379363,0.4297416425740091,0.27332536039882016,0.376518109256288,high
2025-02-03 03:00:00,SMTO3,22.110000610351562,-0.02589429985430494,0.4258563306926163,0.29502561776414205,0.3922520524972186,high
2025-02-03 03:00:00,DOHL4,4.0,-0.03681399610282008,0.42324948643880683,0.19448705619556914,0.3139629680870106,high
2025-02-03 03:00:00,ENEV3,12.119999885559082,0.026757423563257946,0.4216679415957065,0.24924105420369588,0.36741592397792877,high
2025-02-03 03:00:00,WEGE3,53.86000061035156,-0.021672111543303185,0.4161067332811253,0.22265653420348402,0.3531129210902501,high
2025-02-03 03:00:00,RADL3,20.5,-0.028374115581403254,0.4094289290204992,0.22192462182104078,0.3190910369751854,high
2025-02-03 03:00:00,GOAU3,9.890000343322754,0.010162727702856238,0.40717394591977907,0.21333510574398312,0.33513969121232423,high
2025-02-03 03:00:00,POMO3,6.260000228881836,-0.018987893619546208,0.39713594036735844,0.29506813005533833,0.38643521133087116,high
2025-02-03 03:00:00,RAPT4,9.15999984741211,0.005473488442467433,0.3932312235783317,0.28597815823552475,0.39115042179372206,high
2025-02-03 03:00:00,CGAS5,130.0,-0.025817637272449453,0.38207451196793185,0.1695417327545895,0.3075769383629245,high
2025-02-03 03:00:00,CGRA3,25.649999618530273,0.0015606327006824358,0.38063196054445325,0.20520959020193713,0.3320585557922847,high
2025-02-03 03:00:00,RAPT3,8.039999961853027,0.004987536766390722,0.36047734395693426,0.24405401694082685,0.3270455332347166,high
2025-02-03 03:00:00,ENGI11,40.29999923706055,0.016008330776887236,0.3513881322746391,0.2135705248033,0.3013297714452513,high
2025-02-03 03:00:00,AURE3,8.079999923706055,-0.003705962703374794,0.3373203037266787,0.13922979721592318,0.26859913109534667,high
2025-02-03 03:00:00,TIMS3,15.720000267028809,0.0070220914540555885,0.309599907902176,0.20519895890330958,0.2742839190890595,high
2025-02-03 03:00:00,EQTL3,30.1299991607666,-0.0006635852323363314,0.30587342340152696,0.20257656138827415,0.2930518101371711,high
2025-02-03 03:00:00,ALOS3,19.219999313354492,0.011512388650132563,0.3039818142983971,0.1883670662575125,0.25491803031664667,high
2025-02-03 03:00:00,VIVT3,51.43000030517578,-0.008518902050517143,0.27605456910910997,0.1695393221143669,0.24781636253745667,high
2025-02-03 03:00:00,TAEE11,33.470001220703125,-0.0011942999658881505,0.21784368264020348,0.12738058464889807,0.20017384134475882,high
2025-02-03 03:00:00,TAEE4,11.210000038146973,-0.006224981910135924,0.21236731382404683,0.11981925490270869,0.19237195821648134,high
