Time,Resolution,Symbol,Open,High,Low,Close,Volume,FVolume
2025-01-22 03:00:00,1d,COGN3,1.29,1.31,1.27,1.29,22332900,28834524
2025-01-23 03:00:00,1d,COGN3,1.3,1.32,1.28,1.32,28479700,37157158
2025-01-24 03:00:00,1d,COGN3,1.32,1.41,1.31,1.37,85815900,119132964
2025-01-27 03:00:00,1d,COGN3,1.34,1.41,1.29,1.4,61812300,84922998
2025-01-28 03:00:00,1d,COGN3,1.39,1.4,1.32,1.33,30181400,41044756
2025-01-29 03:00:00,1d,COGN3,1.33,1.36,1.3,1.34,37316400,49865502
2025-01-30 03:00:00,1d,COGN3,1.35,1.41,1.34,1.39,43961000,60932340
2025-01-31 03:00:00,1d,COGN3,1.39,1.42,1.38,1.41,39924000,55927637
2025-02-03 03:00:00,1d,COGN3,1.4,1.43,1.37,1.4,31884500,44595173
2025-02-04 03:00:00,1d,COGN3,1.39,1.4,1.34,1.38,45029300,61510963
2025-02-05 03:00:00,1d,COGN3,1.38,1.41,1.34,1.4,40530500,55812300
2025-02-06 03:00:00,1d,COGN3,1.39,1.53,1.38,1.5,62327700,91676002
2025-02-07 03:00:00,1d,COGN3,1.51,1.53,1.47,1.52,50253200,75716371
2025-02-10 03:00:00,1d,COGN3,1.53,1.64,1.52,1.61,59840500,95353323
2025-02-11 03:00:00,1d,COGN3,1.62,1.65,1.59,1.65,44826000,72736576
2025-02-12 03:00:00,1d,COGN3,1.63,1.68,1.61,1.63,70204100,114788000
