symbol,time,spot_price,spot_symbol,option_type,due_date,strike,days_to_maturity,volatility,poe,moneyness
PETRA305,2025-02-25,37.95,PETR4,CALL,2026-01-16,26.87,233,56.768,65.3,ITM
PETRA364,2025-02-25,37.95,PETR4,CALL,2026-01-16,28.87,233,51.014,63.68,ITM
PETRA370,2025-02-25,37.95,PETR4,CALL,2027-01-15,37.0,493,42.469,42.53,ATM
PETRA507,2025-02-25,37.95,PETR4,CALL,2026-01-16,43.12,233,31.781,30.5,OTM
PETRB330W4,2025-02-25,37.95,PETR4,CALL,2025-02-28,33.0,3,86.615,92.42,ITM
PETRB335W4,2025-02-25,37.95,PETR4,CALL,2025-02-28,33.5,3,79.218,91.96,ITM
PETRB340W4,2025-02-25,37.95,PETR4,CALL,2025-02-28,34.0,3,56.255,96.11,ITM
PETRB345W4,2025-02-25,37.95,PETR4,CALL,2025-02-28,34.5,3,96.954,80.24,ITM
PETRB350W4,2025-02-25,37.95,PETR4,CALL,2025-02-28,35.0,3,56.942,89.89,ITM
PETRB355W4,2025-02-25,37.95,PETR4,CALL,2025-02-28,35.5,3,56.742,85.33,ITM
PETRB360W4,2025-02-25,37.95,PETR4,CALL,2025-02-28,36.0,3,49.409,83.05,ITM
PETRB365W4,2025-02-25,37.95,PETR4,CALL,2025-02-28,36.5,3,46.767,77.11,ATM
PETRB37,2025-02-25,37.95,PETR4,CALL,2027-02-19,37.0,518,41.582,42.6,ATM
PETRB370W4,2025-02-25,37.95,PETR4,CALL,2025-02-28,37.0,3,36.988,73.04,ATM
PETRB375W4,2025-02-25,37.95,PETR4,CALL,2025-02-28,37.5,3,35.446,61.61,ATM
PETRB380W4,2025-02-25,37.95,PETR4,CALL,2025-02-28,38.0,3,32.082,48.07,ATM
PETRB385W4,2025-02-25,37.95,PETR4,CALL,2025-02-28,38.5,3,31.669,33.48,ATM
PETRB390W4,2025-02-25,37.95,PETR4,CALL,2025-02-28,39.0,3,32.904,22.02,ATM
PETRB395W4,2025-02-25,37.95,PETR4,CALL,2025-02-28,39.5,3,34.629,14.18,ATM
PETRB400W4,2025-02-25,37.95,PETR4,CALL,2025-02-28,40.0,3,35.291,8.39,OTM
PETRB405W4,2025-02-25,37.95,PETR4,CALL,2025-02-28,40.5,3,39.66,6.44,OTM
PETRB410W4,2025-02-25,37.95,PETR4,CALL,2025-02-28,41.0,3,43.25,4.88,OTM
PETRB420W4,2025-02-25,37.95,PETR4,CALL,2025-02-28,42.0,3,42.788,1.43,OTM
PETRB430W4,2025-02-25,37.95,PETR4,CALL,2025-02-28,43.0,3,51.161,1.19,OTM
PETRB435W4,2025-02-25,37.95,PETR4,CALL,2025-02-28,43.5,3,55.211,1.1,OTM
PETRB440W4,2025-02-25,37.95,PETR4,CALL,2025-02-28,44.0,3,59.157,1.02,OTM
PETRC184,2025-02-25,37.95,PETR4,CALL,2025-03-21,18.41,18,0.0,100.0,ITM
PETRC24,2025-02-25,37.95,PETR4,CALL,2025-03-21,16.41,18,171.328,94.58,ITM
PETRC269,2025-02-25,37.95,PETR4,CALL,2025-03-21,26.91,18,81.99,92.86,ITM
PETRC276,2025-02-25,37.95,PETR4,CALL,2025-03-21,24.91,18,102.701,91.95,ITM
PETRC284,2025-02-25,37.95,PETR4,CALL,2025-03-21,28.41,18,72.889,91.87,ITM
PETRC285,2025-02-25,37.95,PETR4,CALL,2025-03-21,28.66,18,94.507,83.91,ITM
PETRC289,2025-02-25,37.95,PETR4,CALL,2025-03-21,28.91,18,72.517,90.56,ITM
PETRC290,2025-02-25,37.95,PETR4,CALL,2025-03-21,26.41,18,95.032,90.42,ITM
PETRC291,2025-02-25,37.95,PETR4,CALL,2025-03-21,29.16,18,72.165,89.92,ITM
PETRC294,2025-02-25,37.95,PETR4,CALL,2025-03-21,29.41,18,63.177,92.42,ITM
PETRC304,2025-02-25,37.95,PETR4,CALL,2025-03-21,30.41,18,80.545,82.33,ITM
PETRC305,2025-02-25,37.95,PETR4,CALL,2025-03-21,30.66,18,63.716,88.02,ITM
PETRC309,2025-02-25,37.95,PETR4,CALL,2025-03-21,28.16,18,74.706,91.95,ITM
PETRC314,2025-02-25,37.95,PETR4,CALL,2025-03-21,31.41,18,70.807,81.92,ITM
PETRC315,2025-02-25,37.95,PETR4,CALL,2025-03-21,31.66,18,59.628,85.69,ITM
PETRC319,2025-02-25,37.95,PETR4,CALL,2025-03-21,31.91,18,53.982,87.27,ITM
PETRC329,2025-02-25,37.95,PETR4,CALL,2025-03-21,30.16,18,58.888,91.78,ITM
PETRC33,2025-02-25,37.95,PETR4,CALL,2025-03-21,31.16,18,60.029,87.65,ITM
PETRC335W1,2025-02-25,37.95,PETR4,CALL,2025-03-07,33.5,8,47.086,92.68,ITM
PETRC335W2,2025-02-25,37.95,PETR4,CALL,2025-03-14,33.5,13,49.543,85.57,ITM
PETRC340W1,2025-02-25,37.95,PETR4,CALL,2025-03-07,34.0,8,43.736,91.61,ITM
PETRC340W2,2025-02-25,37.95,PETR4,CALL,2025-03-14,34.0,13,38.659,88.87,ITM
PETRC345W1,2025-02-25,37.95,PETR4,CALL,2025-03-07,34.5,8,42.014,89.33,ITM
PETRC345W2,2025-02-25,37.95,PETR4,CALL,2025-03-14,34.5,13,51.811,77.63,ITM
PETRC35,2025-02-25,37.95,PETR4,CALL,2025-03-21,27.66,18,79.282,91.83,ITM
PETRC350W1,2025-02-25,37.95,PETR4,CALL,2025-03-07,35.0,8,38.843,87.37,ITM
PETRC350W2,2025-02-25,37.95,PETR4,CALL,2025-03-14,35.0,13,39.219,80.93,ITM
PETRC351,2025-02-25,37.95,PETR4,CALL,2025-03-21,32.41,18,53.481,85.14,ITM
PETRC354,2025-02-25,37.95,PETR4,CALL,2025-03-21,32.66,18,50.624,85.37,ITM
PETRC355W2,2025-02-25,37.95,PETR4,CALL,2025-03-14,35.5,13,34.314,79.69,ITM
PETRC356,2025-02-25,37.95,PETR4,CALL,2025-03-21,32.91,18,44.638,87.43,ITM
PETRC359,2025-02-25,37.95,PETR4,CALL,2025-03-21,32.16,18,53.261,86.47,ITM
PETRC360W1,2025-02-25,37.95,PETR4,CALL,2025-03-07,36.0,8,28.865,84.43,ITM
PETRC360W2,2025-02-25,37.95,PETR4,CALL,2025-03-14,36.0,13,32.184,75.78,ITM
PETRC361,2025-02-25,37.95,PETR4,CALL,2025-03-21,33.41,18,43.174,85.52,ITM
PETRC364,2025-02-25,37.95,PETR4,CALL,2025-03-21,33.66,18,43.701,83.67,ITM
PETRC365W1,2025-02-25,37.95,PETR4,CALL,2025-03-07,36.5,8,29.087,76.98,ATM
PETRC365W2,2025-02-25,37.95,PETR4,CALL,2025-03-14,36.5,13,30.904,70.35,ATM
PETRC366,2025-02-25,37.95,PETR4,CALL,2025-03-21,33.91,18,42.281,82.95,ITM
PETRC369,2025-02-25,37.95,PETR4,CALL,2025-03-21,33.16,18,58.037,78.86,ITM
PETRC37,2025-02-25,37.95,PETR4,CALL,2025-03-21,35.16,18,36.15,77.54,ITM
PETRC370W1,2025-02-25,37.95,PETR4,CALL,2025-03-07,37.0,8,28.806,68.46,ATM
PETRC370W2,2025-02-25,37.95,PETR4,CALL,2025-03-14,37.0,13,28.808,64.45,ATM
PETRC370W4,2025-02-25,37.95,PETR4,CALL,2025-03-28,37.0,23,27.381,61.3,ATM
PETRC371,2025-02-25,37.95,PETR4,CALL,2025-03-21,34.41,18,39.755,81.11,ITM
PETRC374,2025-02-25,37.95,PETR4,CALL,2025-03-21,34.66,18,41.615,78.01,ITM
PETRC375W1,2025-02-25,37.95,PETR4,CALL,2025-03-07,37.5,8,25.252,60.13,ATM
PETRC375W2,2025-02-25,37.95,PETR4,CALL,2025-03-14,37.5,13,23.479,58.57,ATM
PETRC376,2025-02-25,37.95,PETR4,CALL,2025-03-21,34.91,18,37.783,78.54,ITM
PETRC379,2025-02-25,37.95,PETR4,CALL,2025-03-21,34.16,18,42.484,81.12,ITM
PETRC380W1,2025-02-25,37.95,PETR4,CALL,2025-03-07,38.0,8,25.308,48.5,ATM
PETRC380W2,2025-02-25,37.95,PETR4,CALL,2025-03-14,38.0,13,24.584,48.68,ATM
PETRC380W4,2025-02-25,37.95,PETR4,CALL,2025-03-28,38.0,23,21.661,49.0,ATM
PETRC381,2025-02-25,37.95,PETR4,CALL,2025-03-21,35.41,18,33.438,77.23,ITM
PETRC384,2025-02-25,37.95,PETR4,CALL,2025-03-21,38.41,18,24.327,42.24,ATM
PETRC385,2025-02-25,37.95,PETR4,CALL,2025-03-21,38.66,18,23.071,37.89,ATM
PETRC385W1,2025-02-25,37.95,PETR4,CALL,2025-03-07,38.5,8,24.679,36.89,ATM
PETRC385W2,2025-02-25,37.95,PETR4,CALL,2025-03-14,38.5,13,24.286,39.37,ATM
PETRC385W4,2025-02-25,37.95,PETR4,CALL,2025-03-28,38.5,23,22.209,41.26,ATM
PETRC386,2025-02-25,37.95,PETR4,CALL,2025-03-21,35.91,18,32.916,72.59,ITM
PETRC388,2025-02-25,37.95,PETR4,CALL,2025-03-21,38.91,18,22.799,33.83,ATM
PETRC389,2025-02-25,37.95,PETR4,CALL,2025-03-21,36.16,18,31.05,71.16,ATM
PETRC39,2025-02-25,37.95,PETR4,CALL,2025-03-21,37.16,18,27.432,60.63,ATM
PETRC390W1,2025-02-25,37.95,PETR4,CALL,2025-03-07,39.0,8,24.577,26.41,ATM
PETRC390W2,2025-02-25,37.95,PETR4,CALL,2025-03-14,39.0,13,24.115,30.61,ATM
PETRC391,2025-02-25,37.95,PETR4,CALL,2025-03-21,36.41,18,29.715,69.14,ATM
PETRC393,2025-02-25,37.95,PETR4,CALL,2025-03-21,39.41,18,23.388,27.02,ATM
PETRC394,2025-02-25,37.95,PETR4,CALL,2025-03-21,36.66,18,28.278,66.96,ATM
PETRC395,2025-02-25,37.95,PETR4,CALL,2025-03-21,39.66,18,23.794,24.12,ATM
PETRC395W1,2025-02-25,37.95,PETR4,CALL,2025-03-07,39.5,8,25.101,18.32,ATM
PETRC395W2,2025-02-25,37.95,PETR4,CALL,2025-03-14,39.5,13,23.499,22.44,ATM
PETRC395W4,2025-02-25,37.95,PETR4,CALL,2025-03-28,39.5,23,24.942,29.3,ATM
PETRC396,2025-02-25,37.95,PETR4,CALL,2025-03-21,36.91,18,27.547,64.06,ATM
PETRC398,2025-02-25,37.95,PETR4,CALL,2025-03-21,39.91,18,24.324,21.62,ATM
PETRC40,2025-02-25,37.95,PETR4,CALL,2025-03-21,37.66,18,25.05,54.08,ATM
PETRC400W1,2025-02-25,37.95,PETR4,CALL,2025-03-07,40.0,8,26.102,12.7,OTM
PETRC400W2,2025-02-25,37.95,PETR4,CALL,2025-03-14,40.0,13,24.19,16.7,OTM
PETRC401,2025-02-25,37.95,PETR4,CALL,2025-03-21,37.41,18,25.82,57.69,ATM
PETRC403,2025-02-25,37.95,PETR4,CALL,2025-03-21,35.66,18,34.086,74.32,ITM
PETRC404,2025-02-25,37.95,PETR4,CALL,2025-03-21,40.41,18,23.742,15.89,OTM
PETRC405,2025-02-25,37.95,PETR4,CALL,2025-03-21,40.66,18,24.439,14.3,OTM
PETRC405W1,2025-02-25,37.95,PETR4,CALL,2025-03-07,40.5,8,27.938,9.37,OTM
PETRC405W2,2025-02-25,37.95,PETR4,CALL,2025-03-14,40.5,13,25.284,12.65,OTM
PETRC406,2025-02-25,37.95,PETR4,CALL,2025-03-21,37.91,18,24.805,50.17,ATM
PETRC408,2025-02-25,37.95,PETR4,CALL,2025-03-21,38.16,18,24.07,46.19,ATM
PETRC41,2025-02-25,37.95,PETR4,CALL,2025-03-21,39.16,18,22.792,30.07,ATM
PETRC410W1,2025-02-25,37.95,PETR4,CALL,2025-03-07,41.0,8,28.79,6.42,OTM
PETRC410W2,2025-02-25,37.95,PETR4,CALL,2025-03-14,41.0,13,26.136,9.43,OTM
PETRC414,2025-02-25,37.95,PETR4,CALL,2025-03-21,41.41,18,24.755,9.17,OTM
PETRC415,2025-02-25,37.95,PETR4,CALL,2025-03-21,41.66,18,25.425,8.29,OTM
PETRC415W1,2025-02-25,37.95,PETR4,CALL,2025-03-07,41.5,8,29.625,4.38,OTM
PETRC415W2,2025-02-25,37.95,PETR4,CALL,2025-03-14,41.5,13,26.893,6.97,OTM
PETRC418,2025-02-25,37.95,PETR4,CALL,2025-03-21,41.91,18,25.365,6.98,OTM
PETRC42,2025-02-25,37.95,PETR4,CALL,2025-03-21,40.16,18,22.934,17.6,OTM
PETRC420,2025-02-25,37.95,PETR4,CALL,2025-03-21,40.91,18,23.664,11.57,OTM
PETRC420W1,2025-02-25,37.95,PETR4,CALL,2025-03-07,42.0,8,31.08,3.24,OTM
PETRC420W2,2025-02-25,37.95,PETR4,CALL,2025-03-14,42.0,13,27.802,5.25,OTM
PETRC424,2025-02-25,37.95,PETR4,CALL,2025-03-21,42.41,18,26.156,5.44,OTM
PETRC425,2025-02-25,37.95,PETR4,CALL,2025-03-21,42.66,18,26.377,4.7,OTM
PETRC425W1,2025-02-25,37.95,PETR4,CALL,2025-03-07,42.5,8,34.022,2.95,OTM
PETRC428,2025-02-25,37.95,PETR4,CALL,2025-03-21,42.91,18,27.422,4.52,OTM
PETRC43,2025-02-25,37.95,PETR4,CALL,2025-03-21,41.16,18,24.515,10.56,OTM
PETRC431,2025-02-25,37.95,PETR4,CALL,2025-03-21,43.16,18,27.462,3.84,OTM
PETRC435,2025-02-25,37.95,PETR4,CALL,2025-03-21,43.66,18,29.435,3.57,OTM
PETRC435W1,2025-02-25,37.95,PETR4,CALL,2025-03-07,43.5,8,37.206,1.86,OTM
PETRC44,2025-02-25,37.95,PETR4,CALL,2025-03-21,42.16,18,25.811,6.19,OTM
PETRC440,2025-02-25,37.95,PETR4,CALL,2025-03-21,44.16,18,28.726,2.31,OTM
PETRC448,2025-02-25,37.95,PETR4,CALL,2025-03-21,44.91,18,31.366,2.1,OTM
PETRC45,2025-02-25,37.95,PETR4,CALL,2025-03-21,45.16,18,30.324,1.5,OTM
PETRC450,2025-02-25,37.95,PETR4,CALL,2025-03-21,43.91,18,29.211,2.94,OTM
PETRC454,2025-02-25,37.95,PETR4,CALL,2025-03-21,45.41,18,31.133,1.46,OTM
PETRC455,2025-02-25,37.95,PETR4,CALL,2025-03-21,45.66,18,29.133,0.83,OTM
PETRC46,2025-02-25,37.95,PETR4,CALL,2025-03-21,46.16,18,30.62,0.78,OTM
PETRC460,2025-02-25,37.95,PETR4,CALL,2025-03-21,43.41,18,28.453,3.7,OTM
PETRC466,2025-02-25,37.95,PETR4,CALL,2025-03-21,46.66,18,32.078,0.74,OTM
PETRC471,2025-02-25,37.95,PETR4,CALL,2025-03-21,44.41,18,29.615,2.23,OTM
PETRC482,2025-02-25,37.95,PETR4,CALL,2025-03-21,47.16,18,33.519,0.71,OTM
PETRC544,2025-02-25,37.95,PETR4,CALL,2025-03-21,2.66,18,0.0,100.0,ITM
PETRC861,2025-02-25,37.95,PETR4,CALL,2025-03-21,8.61,18,358.79,85.75,ITM
PETRD169,2025-02-25,37.95,PETR4,CALL,2025-04-17,16.91,37,123.899,92.94,ITM
PETRD2,2025-02-25,37.95,PETR4,CALL,2025-04-17,50.66,37,29.845,0.53,OTM
PETRD261,2025-02-25,37.95,PETR4,CALL,2025-04-17,22.41,37,73.462,95.92,ITM
PETRD286,2025-02-25,37.95,PETR4,CALL,2025-04-17,24.91,37,77.791,89.85,ITM
PETRD289,2025-02-25,37.95,PETR4,CALL,2025-04-17,25.16,37,81.205,88.0,ITM
PETRD301,2025-02-25,37.95,PETR4,CALL,2025-04-17,26.41,37,74.837,87.1,ITM
PETRD306,2025-02-25,37.95,PETR4,CALL,2025-04-17,26.91,37,71.761,86.94,ITM
PETRD311,2025-02-25,37.95,PETR4,CALL,2025-04-17,27.41,37,70.481,86.01,ITM
PETRD321,2025-02-25,37.95,PETR4,CALL,2025-04-17,28.41,37,64.042,85.75,ITM
PETRD326,2025-02-25,37.95,PETR4,CALL,2025-04-17,28.91,37,69.155,81.74,ITM
PETRD331,2025-02-25,37.95,PETR4,CALL,2025-04-17,29.41,37,59.696,84.45,ITM
PETRD336,2025-02-25,37.95,PETR4,CALL,2025-04-17,29.91,37,57.484,83.75,ITM
PETRD339,2025-02-25,37.95,PETR4,CALL,2025-04-17,30.16,37,56.715,83.2,ITM
PETRD341,2025-02-25,37.95,PETR4,CALL,2025-04-17,30.41,37,63.172,78.99,ITM
PETRD344,2025-02-25,37.95,PETR4,CALL,2025-04-17,30.66,37,54.777,82.26,ITM
PETRD351,2025-02-25,37.95,PETR4,CALL,2025-04-17,31.41,37,47.139,83.47,ITM
PETRD354,2025-02-25,37.95,PETR4,CALL,2025-04-17,31.66,37,50.131,80.58,ITM
PETRD356,2025-02-25,37.95,PETR4,CALL,2025-04-17,31.91,37,55.644,76.43,ITM
PETRD36,2025-02-25,37.95,PETR4,CALL,2025-04-17,27.91,37,76.631,81.85,ITM
PETRD361,2025-02-25,37.95,PETR4,CALL,2025-04-17,32.41,37,43.076,81.36,ITM
PETRD366,2025-02-25,37.95,PETR4,CALL,2025-04-17,32.91,37,40.526,80.48,ITM
PETRD371,2025-02-25,37.95,PETR4,CALL,2025-04-17,33.41,37,41.421,77.09,ITM
PETRD374,2025-02-25,37.95,PETR4,CALL,2025-04-17,33.66,37,48.096,71.73,ITM
PETRD376,2025-02-25,37.95,PETR4,CALL,2025-04-17,33.91,37,39.169,75.63,ITM
PETRD379,2025-02-25,37.95,PETR4,CALL,2025-04-17,34.16,37,43.922,71.17,ITM
PETRD38,2025-02-25,37.95,PETR4,CALL,2025-04-17,38.41,37,24.84,44.3,ATM
PETRD381,2025-02-25,37.95,PETR4,CALL,2025-04-17,34.41,37,34.938,75.38,ITM
PETRD384,2025-02-25,37.95,PETR4,CALL,2025-04-17,34.66,37,35.53,73.22,ITM
PETRD386,2025-02-25,37.95,PETR4,CALL,2025-04-17,34.91,37,35.096,71.75,ITM
PETRD388,2025-02-25,37.95,PETR4,CALL,2025-04-17,38.91,37,24.446,38.89,ATM
PETRD389,2025-02-25,37.95,PETR4,CALL,2025-04-17,35.16,37,34.808,70.12,ITM
PETRD391,2025-02-25,37.95,PETR4,CALL,2025-04-17,35.41,37,33.189,69.3,ITM
PETRD393,2025-02-25,37.95,PETR4,CALL,2025-04-17,39.41,37,23.736,33.42,ATM
PETRD394,2025-02-25,37.95,PETR4,CALL,2025-04-17,35.66,37,31.968,68.11,ITM
PETRD395W1,2025-02-25,37.95,PETR4,CALL,2025-04-04,39.5,28,33.525,34.67,ATM
PETRD396,2025-02-25,37.95,PETR4,CALL,2025-04-17,35.91,37,31.114,66.59,ITM
PETRD399,2025-02-25,37.95,PETR4,CALL,2025-04-17,36.16,37,30.203,64.99,ATM
PETRD40,2025-02-25,37.95,PETR4,CALL,2025-04-17,40.41,37,23.219,23.66,OTM
PETRD400,2025-02-25,37.95,PETR4,CALL,2026-04-17,32.4,298,47.217,53.87,ITM
PETRD400W1,2025-02-25,37.95,PETR4,CALL,2025-04-04,40.0,28,23.291,24.58,OTM
PETRD401,2025-02-25,37.95,PETR4,CALL,2025-04-17,36.41,37,29.237,63.31,ATM
PETRD402,2025-02-25,37.95,PETR4,CALL,2025-04-17,32.66,37,46.178,78.13,ITM
PETRD404,2025-02-25,37.95,PETR4,CALL,2025-04-17,36.66,37,28.956,61.13,ATM
PETRD406,2025-02-25,37.95,PETR4,CALL,2025-04-17,36.91,37,28.216,59.1,ATM
PETRD409,2025-02-25,37.95,PETR4,CALL,2025-04-17,40.91,37,22.933,19.35,OTM
PETRD411,2025-02-25,37.95,PETR4,CALL,2025-04-17,37.41,37,27.024,54.58,ATM
PETRD414,2025-02-25,37.95,PETR4,CALL,2025-04-17,41.41,37,23.383,16.21,OTM
PETRD416,2025-02-25,37.95,PETR4,CALL,2025-04-17,37.91,37,25.801,49.64,ATM
PETRD418,2025-02-25,37.95,PETR4,CALL,2025-04-17,41.91,37,23.176,12.95,OTM
PETRD419,2025-02-25,37.95,PETR4,CALL,2025-04-17,38.16,37,25.463,47.0,ATM
PETRD42,2025-02-25,37.95,PETR4,CALL,2025-04-17,42.41,37,23.444,10.58,OTM
PETRD424,2025-02-25,37.95,PETR4,CALL,2025-04-17,38.66,37,24.616,41.58,ATM
PETRD426,2025-02-25,37.95,PETR4,CALL,2025-04-17,39.91,37,23.433,28.33,ATM
PETRD429,2025-02-25,37.95,PETR4,CALL,2025-04-17,39.16,37,23.977,36.11,ATM
PETRD43,2025-02-25,37.95,PETR4,CALL,2025-04-17,43.41,37,24.097,7.08,OTM
PETRD434,2025-02-25,37.95,PETR4,CALL,2025-04-17,39.66,37,23.552,30.82,ATM
PETRD438,2025-02-25,37.95,PETR4,CALL,2025-04-17,43.91,37,25.175,6.3,OTM
PETRD439,2025-02-25,37.95,PETR4,CALL,2025-04-17,40.16,37,23.387,25.99,OTM
PETRD44,2025-02-25,37.95,PETR4,CALL,2025-04-17,44.41,37,25.623,5.26,OTM
PETRD444,2025-02-25,37.95,PETR4,CALL,2025-04-17,40.66,37,23.139,21.5,OTM
PETRD446,2025-02-25,37.95,PETR4,CALL,2025-04-17,37.16,37,22.529,59.27,ATM
PETRD448,2025-02-25,37.95,PETR4,CALL,2025-04-17,41.16,37,23.077,17.64,OTM
PETRD449,2025-02-25,37.95,PETR4,CALL,2026-04-17,37.4,298,40.969,44.56,ATM
PETRD452,2025-02-25,37.95,PETR4,CALL,2025-04-17,37.66,37,26.376,52.17,ATM
PETRD454,2025-02-25,37.95,PETR4,CALL,2025-04-17,41.66,37,23.064,14.31,OTM
PETRD463,2025-02-25,37.95,PETR4,CALL,2025-04-17,46.41,37,26.405,2.22,OTM
PETRD464,2025-02-25,37.95,PETR4,CALL,2025-04-17,42.66,37,23.622,9.59,OTM
PETRD468,2025-02-25,37.95,PETR4,CALL,2025-04-17,46.91,37,27.575,2.11,OTM
PETRD469,2025-02-25,37.95,PETR4,CALL,2025-04-17,43.16,37,23.734,7.67,OTM
PETRD473,2025-02-25,37.95,PETR4,CALL,2025-04-17,47.41,37,27.482,1.62,OTM
PETRD474,2025-02-25,37.95,PETR4,CALL,2025-04-17,43.66,37,24.413,6.51,OTM
PETRD476,2025-02-25,37.95,PETR4,CALL,2025-04-17,47.66,37,28.034,1.59,OTM
PETRD479,2025-02-25,37.95,PETR4,CALL,2025-04-17,44.16,37,24.898,5.42,OTM
PETRD48,2025-02-25,37.95,PETR4,CALL,2026-04-17,40.4,298,37.327,38.25,OTM
PETRD483,2025-02-25,37.95,PETR4,CALL,2025-04-17,48.41,37,29.654,1.49,OTM
PETRD488,2025-02-25,37.95,PETR4,CALL,2025-04-17,46.16,37,26.79,2.68,OTM
PETRD49,2025-02-25,37.95,PETR4,CALL,2025-04-17,42.16,37,23.194,11.6,OTM
PETRD5,2025-02-25,37.95,PETR4,CALL,2025-04-17,32.16,37,54.061,76.11,ITM
PETRD505,2025-02-25,37.95,PETR4,CALL,2025-04-17,42.91,37,23.722,8.62,OTM
PETRD6,2025-02-25,37.95,PETR4,CALL,2025-04-17,3.6,37,359.608,84.67,ITM
PETRD7,2025-02-25,37.95,PETR4,CALL,2025-04-17,44.91,37,25.839,4.27,OTM
PETRE159,2025-02-25,37.95,PETR4,CALL,2025-05-16,15.99,58,102.856,93.5,ITM
PETRE314,2025-02-25,37.95,PETR4,CALL,2025-05-16,31.49,58,43.871,78.91,ITM
PETRE334,2025-02-25,37.95,PETR4,CALL,2025-05-16,33.49,58,44.751,69.02,ITM
PETRE357,2025-02-25,37.95,PETR4,CALL,2025-05-16,35.74,58,32.121,63.39,ITM
PETRE362,2025-02-25,37.95,PETR4,CALL,2025-05-16,36.24,58,31.926,60.04,ATM
PETRE367,2025-02-25,37.95,PETR4,CALL,2025-05-16,36.74,58,28.733,57.91,ATM
PETRE370,2025-02-25,37.95,PETR4,CALL,2026-05-15,37.0,318,40.082,45.51,ATM
PETRE374,2025-02-25,37.95,PETR4,CALL,2025-05-16,37.49,58,27.34,52.49,ATM
PETRE377,2025-02-25,37.95,PETR4,CALL,2025-05-16,37.74,58,27.035,50.54,ATM
PETRE379,2025-02-25,37.95,PETR4,CALL,2025-05-16,37.99,58,26.665,48.56,ATM
PETRE382,2025-02-25,37.95,PETR4,CALL,2025-05-16,38.24,58,27.193,46.48,ATM
PETRE384,2025-02-25,37.95,PETR4,CALL,2025-05-16,38.49,58,24.345,44.43,ATM
PETRE39,2025-02-25,37.95,PETR4,CALL,2025-05-16,39.99,58,25.492,32.58,OTM
PETRE392,2025-02-25,37.95,PETR4,CALL,2025-05-16,39.24,58,25.15,38.24,ATM
PETRE394,2025-02-25,37.95,PETR4,CALL,2025-05-16,39.49,58,27.162,36.88,ATM
PETRE397,2025-02-25,37.95,PETR4,CALL,2025-05-16,39.74,58,25.444,34.42,ATM
PETRE402,2025-02-25,37.95,PETR4,CALL,2025-05-16,40.24,58,25.029,30.51,OTM
PETRE404,2025-02-25,37.95,PETR4,CALL,2025-05-16,40.49,58,24.63,28.49,OTM
PETRE406,2025-02-25,37.95,PETR4,CALL,2025-05-16,40.74,58,24.453,26.63,OTM
PETRE409,2025-02-25,37.95,PETR4,CALL,2025-05-16,40.99,58,24.359,24.87,OTM
PETRE411,2025-02-25,37.95,PETR4,CALL,2025-05-16,41.24,58,24.19,23.12,OTM
PETRE414,2025-02-25,37.95,PETR4,CALL,2025-05-16,41.49,58,24.286,21.65,OTM
PETRE416,2025-02-25,37.95,PETR4,CALL,2025-05-16,41.74,58,24.322,20.2,OTM
PETRE418,2025-02-25,37.95,PETR4,CALL,2025-05-16,41.99,58,24.295,18.76,OTM
PETRE419,2025-02-25,37.95,PETR4,CALL,2025-05-16,37.24,58,28.429,54.14,ATM
PETRE421,2025-02-25,37.95,PETR4,CALL,2025-05-16,42.24,58,23.808,16.99,OTM
PETRE424,2025-02-25,37.95,PETR4,CALL,2025-05-16,42.49,58,24.027,15.91,OTM
PETRE426,2025-02-25,37.95,PETR4,CALL,2025-05-16,42.74,58,23.986,14.67,OTM
PETRE429,2025-02-25,37.95,PETR4,CALL,2025-05-16,42.99,58,23.649,13.24,OTM
PETRE432,2025-02-25,37.95,PETR4,CALL,2025-05-16,43.24,58,23.926,12.42,OTM
PETRE612,2025-02-25,37.95,PETR4,CALL,2025-05-16,61.24,58,37.021,0.29,OTM
PETRF38,2025-02-25,37.95,PETR4,CALL,2025-06-20,38.74,83,26.977,43.33,ATM
PETRF401,2025-02-25,37.95,PETR4,CALL,2025-06-20,37.49,83,31.436,50.55,ATM
PETRF406,2025-02-25,37.95,PETR4,CALL,2025-06-20,37.99,83,29.626,47.91,ATM
PETRF411,2025-02-25,37.95,PETR4,CALL,2025-06-20,38.49,83,30.206,44.82,ATM
PETRF418,2025-02-25,37.95,PETR4,CALL,2025-06-20,37.24,83,29.101,52.75,ATM
PETRF426,2025-02-25,37.95,PETR4,CALL,2025-06-20,39.99,83,26.251,35.23,OTM
PETRF434,2025-02-25,37.95,PETR4,CALL,2025-06-20,40.74,83,24.968,30.13,OTM
PETRF436,2025-02-25,37.95,PETR4,CALL,2025-06-20,40.99,83,25.131,28.75,OTM
PETRF439,2025-02-25,37.95,PETR4,CALL,2025-06-20,40.24,83,24.881,33.16,OTM
PETRF840,2025-02-25,37.95,PETR4,CALL,2026-06-19,80.23,343,29.462,1.16,OTM
PETRG34,2025-02-25,37.95,PETR4,CALL,2025-07-18,30.28,103,47.882,72.95,ITM
PETRG418,2025-02-25,37.95,PETR4,CALL,2025-07-18,39.03,103,29.762,42.09,ATM
PETRG43,2025-02-25,37.95,PETR4,CALL,2025-07-18,39.78,103,28.292,37.99,ATM
PETRG432,2025-02-25,37.95,PETR4,CALL,2025-07-18,40.53,103,26.143,33.43,OTM
PETRG437,2025-02-25,37.95,PETR4,CALL,2025-07-18,41.03,103,26.134,30.8,OTM
PETRG440,2025-02-25,37.95,PETR4,CALL,2026-07-17,40.23,363,38.817,38.35,OTM
PETRG51,2025-02-25,37.95,PETR4,CALL,2025-07-18,47.28,103,24.052,7.31,OTM
PETRG582,2025-02-25,37.95,PETR4,CALL,2025-07-18,58.28,103,28.466,0.81,OTM
PETRG600,2025-02-25,37.95,PETR4,CALL,2025-07-18,57.28,103,28.548,1.07,OTM
PETRH409,2025-02-25,37.95,PETR4,CALL,2025-08-15,38.28,123,31.269,45.85,ATM
PETRH466,2025-02-25,37.95,PETR4,CALL,2025-08-15,39.03,123,29.827,42.39,ATM
PETRH825,2025-02-25,37.95,PETR4,CALL,2025-08-15,15.53,123,86.976,88.15,ITM
PETRH829,2025-02-25,37.95,PETR4,CALL,2025-08-15,19.03,123,86.162,80.56,ITM
PETRI43,2025-02-25,37.95,PETR4,CALL,2025-09-19,41.12,148,30.798,34.16,OTM
PETRI445,2025-02-25,37.95,PETR4,CALL,2025-09-19,35.62,148,39.435,53.88,ITM
PETRJ331,2025-02-25,37.95,PETR4,CALL,2025-10-17,33.12,168,44.07,59.31,ITM
PETRJ352,2025-02-25,37.95,PETR4,CALL,2026-10-16,32.42,428,46.808,50.35,ITM
PETRJ437,2025-02-25,37.95,PETR4,CALL,2026-10-16,40.92,428,38.757,36.9,OTM
PETRJ457,2025-02-25,37.95,PETR4,CALL,2025-10-17,36.87,168,35.822,49.92,ATM
PETRK352,2025-02-25,37.95,PETR4,CALL,2025-11-21,27.62,193,57.386,65.99,ITM
PETRK408,2025-02-25,37.95,PETR4,CALL,2025-11-21,38.12,193,31.608,46.05,ATM
PETRL18,2025-02-25,37.95,PETR4,CALL,2026-12-18,39.22,473,40.939,39.27,ATM
PETRL435,2025-02-25,37.95,PETR4,CALL,2025-12-19,38.9,213,44.154,41.21,ATM
PETRL445,2025-02-25,37.95,PETR4,CALL,2025-12-19,39.9,213,34.654,39.61,ATM
PETRL47,2025-02-25,37.95,PETR4,CALL,2025-12-19,42.4,213,31.41,31.92,OTM
PETRL48,2025-02-25,37.95,PETR4,CALL,2025-12-19,43.4,213,30.739,28.9,OTM
PETRL56,2025-02-25,37.95,PETR4,CALL,2026-12-18,42.22,473,43.933,33.88,OTM
PETRM364,2025-02-25,37.95,PETR4,PUT,2026-01-16,28.87,233,22.71,10.98,OTM
PETRM419,2025-02-25,37.95,PETR4,PUT,2026-01-16,34.37,233,17.96,27.61,OTM
PETRM474,2025-02-25,37.95,PETR4,PUT,2026-01-16,39.87,233,10.369,64.04,ATM
PETRM507,2025-02-25,37.95,PETR4,PUT,2026-01-16,43.12,233,173.984,81.64,ITM
PETRN315W4,2025-02-25,37.95,PETR4,PUT,2025-02-28,31.5,3,74.071,1.17,OTM
PETRN320W4,2025-02-25,37.95,PETR4,PUT,2025-02-28,32.0,3,68.539,1.23,OTM
PETRN325W4,2025-02-25,37.95,PETR4,PUT,2025-02-28,32.5,3,63.042,1.31,OTM
PETRN330W4,2025-02-25,37.95,PETR4,PUT,2025-02-28,33.0,3,63.665,2.38,OTM
PETRN335W4,2025-02-25,37.95,PETR4,PUT,2025-02-28,33.5,3,57.782,2.56,OTM
PETRN340W4,2025-02-25,37.95,PETR4,PUT,2025-02-28,34.0,3,51.914,2.77,OTM
PETRN345W4,2025-02-25,37.95,PETR4,PUT,2025-02-28,34.5,3,46.05,3.03,OTM
PETRN350W4,2025-02-25,37.95,PETR4,PUT,2025-02-28,35.0,3,43.263,4.5,OTM
PETRN355W4,2025-02-25,37.95,PETR4,PUT,2025-02-28,35.5,3,41.302,7.16,OTM
PETRN360W4,2025-02-25,37.95,PETR4,PUT,2025-02-28,36.0,3,37.564,10.16,OTM
PETRN365W4,2025-02-25,37.95,PETR4,PUT,2025-02-28,36.5,3,34.73,15.5,ATM
PETRN37,2025-02-25,37.95,PETR4,PUT,2027-02-19,37.0,518,13.366,40.09,ATM
PETRN370W4,2025-02-25,37.95,PETR4,PUT,2025-02-28,37.0,3,32.265,23.91,ATM
PETRN375W4,2025-02-25,37.95,PETR4,PUT,2025-02-28,37.5,3,29.56,35.9,ATM
PETRN380W4,2025-02-25,37.95,PETR4,PUT,2025-02-28,38.0,3,28.392,52.01,ATM
PETRN385W4,2025-02-25,37.95,PETR4,PUT,2025-02-28,38.5,3,26.971,68.99,ATM
PETRN390W4,2025-02-25,37.95,PETR4,PUT,2025-02-28,39.0,3,21.914,87.36,ATM
PETRN395W4,2025-02-25,37.95,PETR4,PUT,2025-02-28,39.5,3,36.576,84.54,ATM
PETRN400,2025-02-25,37.95,PETR4,PUT,2026-02-20,32.4,258,18.961,20.19,OTM
PETRN400W4,2025-02-25,37.95,PETR4,PUT,2025-02-28,40.0,3,486.109,64.2,ITM
PETRN405W4,2025-02-25,37.95,PETR4,PUT,2025-02-28,40.5,3,17.879,99.96,ITM
PETRN410W4,2025-02-25,37.95,PETR4,PUT,2025-02-28,41.0,3,43.197,95.14,ITM
PETRN425W4,2025-02-25,37.95,PETR4,PUT,2025-02-28,42.5,3,118.466,82.61,ITM
PETRN430W4,2025-02-25,37.95,PETR4,PUT,2025-02-28,43.0,3,79.459,93.08,ITM
PETRO141,2025-02-25,37.95,PETR4,PUT,2025-03-21,9.41,18,193.298,0.73,OTM
PETRO269,2025-02-25,37.95,PETR4,PUT,2025-03-21,26.91,18,52.418,0.83,OTM
PETRO289,2025-02-25,37.95,PETR4,PUT,2025-03-21,28.91,18,46.492,1.62,OTM
PETRO291,2025-02-25,37.95,PETR4,PUT,2025-03-21,29.16,18,45.196,1.65,OTM
PETRO294,2025-02-25,37.95,PETR4,PUT,2025-03-21,29.41,18,43.92,1.68,OTM
PETRO295W1,2025-02-25,37.95,PETR4,PUT,2025-03-07,29.5,8,59.377,0.98,OTM
PETRO299,2025-02-25,37.95,PETR4,PUT,2025-03-21,29.91,18,41.367,1.74,OTM
PETRO300W1,2025-02-25,37.95,PETR4,PUT,2025-03-07,30.0,8,55.839,1.02,OTM
PETRO302,2025-02-25,37.95,PETR4,PUT,2025-03-21,15.66,18,125.109,0.65,OTM
PETRO304,2025-02-25,37.95,PETR4,PUT,2025-03-21,30.41,18,38.852,1.81,OTM
PETRO305,2025-02-25,37.95,PETR4,PUT,2025-03-21,30.66,18,41.856,3.12,OTM
PETRO305W1,2025-02-25,37.95,PETR4,PUT,2025-03-07,30.5,8,52.346,1.06,OTM
PETRO308,2025-02-25,37.95,PETR4,PUT,2025-03-21,30.91,18,38.655,2.57,OTM
PETRO309,2025-02-25,37.95,PETR4,PUT,2025-03-21,28.16,18,46.16,0.89,OTM
PETRO314,2025-02-25,37.95,PETR4,PUT,2025-03-21,31.41,18,37.82,3.33,OTM
PETRO315,2025-02-25,37.95,PETR4,PUT,2025-03-21,31.66,18,36.484,3.4,OTM
PETRO319,2025-02-25,37.95,PETR4,PUT,2025-03-21,31.91,18,36.582,4.1,OTM
PETRO323,2025-02-25,37.95,PETR4,PUT,2025-03-21,29.66,18,42.646,1.71,OTM
PETRO329,2025-02-25,37.95,PETR4,PUT,2025-03-21,30.16,18,40.104,1.77,OTM
PETRO33,2025-02-25,37.95,PETR4,PUT,2025-03-21,31.16,18,39.157,3.25,OTM
PETRO335W2,2025-02-25,37.95,PETR4,PUT,2025-03-14,33.5,13,32.805,4.94,OTM
PETRO340W2,2025-02-25,37.95,PETR4,PUT,2025-03-14,34.0,13,31.806,6.69,OTM
PETRO345W1,2025-02-25,37.95,PETR4,PUT,2025-03-07,34.5,8,32.11,4.96,OTM
PETRO345W2,2025-02-25,37.95,PETR4,PUT,2025-03-14,34.5,13,29.357,7.9,OTM
PETRO35,2025-02-25,37.95,PETR4,PUT,2025-03-21,27.66,18,48.646,0.87,OTM
PETRO350W1,2025-02-25,37.95,PETR4,PUT,2025-03-07,35.0,8,30.748,7.2,OTM
PETRO350W2,2025-02-25,37.95,PETR4,PUT,2025-03-14,35.0,13,27.436,9.96,OTM
PETRO350W4,2025-02-25,37.95,PETR4,PUT,2025-03-28,35.0,23,24.569,14.06,OTM
PETRO351,2025-02-25,37.95,PETR4,PUT,2025-03-21,32.41,18,33.852,4.32,OTM
PETRO354,2025-02-25,37.95,PETR4,PUT,2025-03-21,32.66,18,33.655,5.05,OTM
PETRO355W1,2025-02-25,37.95,PETR4,PUT,2025-03-07,35.5,8,29.391,10.38,OTM
PETRO355W2,2025-02-25,37.95,PETR4,PUT,2025-03-14,35.5,13,26.28,13.45,OTM
PETRO356,2025-02-25,37.95,PETR4,PUT,2025-03-21,32.91,18,33.29,5.78,OTM
PETRO359,2025-02-25,37.95,PETR4,PUT,2025-03-21,32.16,18,36.445,4.79,OTM
PETRO360W1,2025-02-25,37.95,PETR4,PUT,2025-03-07,36.0,8,27.027,13.91,OTM
PETRO360W2,2025-02-25,37.95,PETR4,PUT,2025-03-14,36.0,13,24.859,17.77,OTM
PETRO361,2025-02-25,37.95,PETR4,PUT,2025-03-21,33.41,18,31.342,6.73,OTM
PETRO364,2025-02-25,37.95,PETR4,PUT,2025-03-21,33.66,18,29.898,6.95,OTM
PETRO365W1,2025-02-25,37.95,PETR4,PUT,2025-03-07,36.5,8,25.009,19.32,ATM
PETRO365W2,2025-02-25,37.95,PETR4,PUT,2025-03-14,36.5,13,22.274,22.21,ATM
PETRO366,2025-02-25,37.95,PETR4,PUT,2025-03-21,33.91,18,29.231,7.78,OTM
PETRO369,2025-02-25,37.95,PETR4,PUT,2025-03-21,33.16,18,31.869,5.96,OTM
PETRO37,2025-02-25,37.95,PETR4,PUT,2025-03-21,35.16,18,25.146,13.05,OTM
PETRO370W1,2025-02-25,37.95,PETR4,PUT,2025-03-07,37.0,8,22.778,26.76,ATM
PETRO370W2,2025-02-25,37.95,PETR4,PUT,2025-03-14,37.0,13,20.832,29.67,ATM
PETRO370W4,2025-02-25,37.95,PETR4,PUT,2025-03-28,37.0,23,20.407,34.09,ATM
PETRO371,2025-02-25,37.95,PETR4,PUT,2025-03-21,34.41,18,28.253,10.06,OTM
PETRO374,2025-02-25,37.95,PETR4,PUT,2025-03-21,34.66,18,27.851,11.5,OTM
PETRO375W1,2025-02-25,37.95,PETR4,PUT,2025-03-07,37.5,8,21.888,38.11,ATM
PETRO375W2,2025-02-25,37.95,PETR4,PUT,2025-03-14,37.5,13,19.496,39.34,ATM
PETRO376,2025-02-25,37.95,PETR4,PUT,2025-03-21,34.91,18,26.777,12.49,OTM
PETRO379,2025-02-25,37.95,PETR4,PUT,2025-03-21,34.16,18,29.15,9.18,OTM
PETRO380W1,2025-02-25,37.95,PETR4,PUT,2025-03-07,38.0,8,21.383,51.47,ATM
PETRO380W2,2025-02-25,37.95,PETR4,PUT,2025-03-14,38.0,13,18.453,51.11,ATM
PETRO381,2025-02-25,37.95,PETR4,PUT,2025-03-21,35.41,18,24.445,14.7,OTM
PETRO384,2025-02-25,37.95,PETR4,PUT,2025-03-21,38.41,18,16.422,60.41,ATM
PETRO385,2025-02-25,37.95,PETR4,PUT,2025-03-21,38.66,18,16.479,65.93,ATM
PETRO385W1,2025-02-25,37.95,PETR4,PUT,2025-03-07,38.5,8,19.366,66.12,ATM
PETRO385W2,2025-02-25,37.95,PETR4,PUT,2025-03-14,38.5,13,16.74,64.44,ATM
PETRO386,2025-02-25,37.95,PETR4,PUT,2025-03-21,35.91,18,23.44,19.12,OTM
PETRO388,2025-02-25,37.95,PETR4,PUT,2025-03-21,38.91,18,15.018,72.8,ATM
PETRO389,2025-02-25,37.95,PETR4,PUT,2025-03-21,36.16,18,22.324,21.07,ATM
PETRO39,2025-02-25,37.95,PETR4,PUT,2025-03-21,37.16,18,19.774,34.51,ATM
PETRO390W1,2025-02-25,37.95,PETR4,PUT,2025-03-07,39.0,8,17.184,81.22,ATM
PETRO390W2,2025-02-25,37.95,PETR4,PUT,2025-03-14,39.0,13,15.929,77.15,ATM
PETRO390W4,2025-02-25,37.95,PETR4,PUT,2025-03-28,39.0,23,8.764,83.53,ATM
PETRO391,2025-02-25,37.95,PETR4,PUT,2025-03-21,36.41,18,22.098,24.32,ATM
PETRO393,2025-02-25,37.95,PETR4,PUT,2025-03-21,39.41,18,13.156,85.33,ATM
PETRO394,2025-02-25,37.95,PETR4,PUT,2025-03-21,36.66,18,21.015,26.99,ATM
PETRO395,2025-02-25,37.95,PETR4,PUT,2025-03-21,39.66,18,12.75,89.77,ATM
PETRO395W1,2025-02-25,37.95,PETR4,PUT,2025-03-07,39.5,8,0.0,100.0,ATM
PETRO395W2,2025-02-25,37.95,PETR4,PUT,2025-03-14,39.5,13,46.744,66.29,ATM
PETRO396,2025-02-25,37.95,PETR4,PUT,2025-03-21,36.91,18,20.656,30.8,ATM
PETRO398,2025-02-25,37.95,PETR4,PUT,2025-03-21,39.91,18,10.391,96.21,ATM
PETRO40,2025-02-25,37.95,PETR4,PUT,2025-03-21,37.66,18,18.606,43.72,ATM
PETRO400W1,2025-02-25,37.95,PETR4,PUT,2025-03-07,40.0,8,13.596,98.45,ITM
PETRO400W2,2025-02-25,37.95,PETR4,PUT,2025-03-14,40.0,13,0.0,100.0,ITM
PETRO401,2025-02-25,37.95,PETR4,PUT,2025-03-21,37.41,18,18.936,38.74,ATM
PETRO403,2025-02-25,37.95,PETR4,PUT,2025-03-21,35.66,18,24.034,16.88,OTM
PETRO404,2025-02-25,37.95,PETR4,PUT,2025-03-21,40.41,18,0.0,100.0,ITM
PETRO405,2025-02-25,37.95,PETR4,PUT,2025-03-21,40.66,18,94.785,65.3,ITM
PETRO405W1,2025-02-25,37.95,PETR4,PUT,2025-03-07,40.5,8,59.534,74.54,ITM
PETRO405W2,2025-02-25,37.95,PETR4,PUT,2025-03-14,40.5,13,18.132,94.23,ITM
PETRO406,2025-02-25,37.95,PETR4,PUT,2025-03-21,37.91,18,18.464,48.98,ATM
PETRO408,2025-02-25,37.95,PETR4,PUT,2025-03-21,38.16,18,17.748,54.38,ATM
PETRO41,2025-02-25,37.95,PETR4,PUT,2025-03-21,39.16,18,14.427,78.71,ATM
PETRO410W1,2025-02-25,37.95,PETR4,PUT,2025-03-07,41.0,8,61.778,77.38,ITM
PETRO414,2025-02-25,37.95,PETR4,PUT,2025-03-21,41.41,18,40.622,80.09,ITM
PETRO415,2025-02-25,37.95,PETR4,PUT,2025-03-21,41.66,18,43.688,80.09,ITM
PETRO415W1,2025-02-25,37.95,PETR4,PUT,2025-03-07,41.5,8,25.67,97.52,ITM
PETRO418,2025-02-25,37.95,PETR4,PUT,2025-03-21,41.91,18,29.125,90.25,ITM
PETRO42,2025-02-25,37.95,PETR4,PUT,2025-03-21,40.16,18,17.763,88.22,ITM
PETRO420,2025-02-25,37.95,PETR4,PUT,2025-03-21,40.91,18,0.0,100.0,ITM
PETRO424,2025-02-25,37.95,PETR4,PUT,2025-03-21,42.41,18,0.0,100.0,ITM
PETRO425,2025-02-25,37.95,PETR4,PUT,2025-03-21,42.66,18,42.582,85.82,ITM
PETRO425W1,2025-02-25,37.95,PETR4,PUT,2025-03-07,42.5,8,40.929,94.3,ITM
PETRO43,2025-02-25,37.95,PETR4,PUT,2025-03-21,41.16,18,0.0,100.0,ITM
PETRO435,2025-02-25,37.95,PETR4,PUT,2025-03-21,43.66,18,36.51,92.93,ITM
PETRO44,2025-02-25,37.95,PETR4,PUT,2025-03-21,42.16,18,99.062,70.0,ITM
PETRO440,2025-02-25,37.95,PETR4,PUT,2025-03-21,44.16,18,0.0,100.0,ITM
PETRO448,2025-02-25,37.95,PETR4,PUT,2025-03-21,44.91,18,31.154,97.97,ITM
PETRO450,2025-02-25,37.95,PETR4,PUT,2025-03-21,43.91,18,31.281,96.16,ITM
PETRO454,2025-02-25,37.95,PETR4,PUT,2025-03-21,45.41,18,23.934,99.76,ITM
PETRO455,2025-02-25,37.95,PETR4,PUT,2025-03-21,45.66,18,52.451,91.61,ITM
PETRO458,2025-02-25,37.95,PETR4,PUT,2025-03-21,45.91,18,0.0,100.0,ITM
PETRO46,2025-02-25,37.95,PETR4,PUT,2025-03-21,46.16,18,48.821,94.01,ITM
PETRO466,2025-02-25,37.95,PETR4,PUT,2025-03-21,46.66,18,11.989,100.0,ITM
PETRO482,2025-02-25,37.95,PETR4,PUT,2025-03-21,47.16,18,211.699,74.68,ITM
PETRO621,2025-02-25,37.95,PETR4,PUT,2025-03-21,59.41,18,0.0,100.0,ITM
PETRO631,2025-02-25,37.95,PETR4,PUT,2025-03-21,60.41,18,0.0,100.0,ITM
PETRP281,2025-02-25,37.95,PETR4,PUT,2025-04-17,24.41,37,49.97,1.31,OTM
PETRP286,2025-02-25,37.95,PETR4,PUT,2025-04-17,24.91,37,47.909,1.33,OTM
PETRP289,2025-02-25,37.95,PETR4,PUT,2025-04-17,25.16,37,49.514,1.84,OTM
PETRP291,2025-02-25,37.95,PETR4,PUT,2025-04-17,25.41,37,45.882,1.35,OTM
PETRP294,2025-02-25,37.95,PETR4,PUT,2025-04-17,25.66,37,44.887,1.37,OTM
PETRP296,2025-02-25,37.95,PETR4,PUT,2025-04-17,25.91,37,43.893,1.38,OTM
PETRP299,2025-02-25,37.95,PETR4,PUT,2025-04-17,26.16,37,42.915,1.4,OTM
PETRP30,2025-02-25,37.95,PETR4,PUT,2025-04-17,27.16,37,41.32,2.01,OTM
PETRP301,2025-02-25,37.95,PETR4,PUT,2025-04-17,26.41,37,44.328,1.94,OTM
PETRP304,2025-02-25,37.95,PETR4,PUT,2025-04-17,26.66,37,43.318,1.96,OTM
PETRP306,2025-02-25,37.95,PETR4,PUT,2025-04-17,26.91,37,42.315,1.98,OTM
PETRP311,2025-02-25,37.95,PETR4,PUT,2025-04-17,27.41,37,40.325,2.03,OTM
PETRP321,2025-02-25,37.95,PETR4,PUT,2025-04-17,28.41,37,36.439,2.14,OTM
PETRP326,2025-02-25,37.95,PETR4,PUT,2025-04-17,28.91,37,34.537,2.21,OTM
PETRP331,2025-02-25,37.95,PETR4,PUT,2025-04-17,29.41,37,35.424,3.35,OTM
PETRP336,2025-02-25,37.95,PETR4,PUT,2025-04-17,29.91,37,34.523,3.96,OTM
PETRP339,2025-02-25,37.95,PETR4,PUT,2025-04-17,30.16,37,33.514,4.03,OTM
PETRP34,2025-02-25,37.95,PETR4,PUT,2025-04-17,30.91,37,30.519,4.26,OTM
PETRP341,2025-02-25,37.95,PETR4,PUT,2025-04-17,30.41,37,33.446,4.58,OTM
PETRP344,2025-02-25,37.95,PETR4,PUT,2025-04-17,30.66,37,32.426,4.66,OTM
PETRP346,2025-02-25,37.95,PETR4,PUT,2025-04-17,24.66,37,48.929,1.32,OTM
PETRP351,2025-02-25,37.95,PETR4,PUT,2025-04-17,31.41,37,30.179,5.44,OTM
PETRP354,2025-02-25,37.95,PETR4,PUT,2025-04-17,31.66,37,29.866,6.03,OTM
PETRP356,2025-02-25,37.95,PETR4,PUT,2025-04-17,31.91,37,27.39,5.18,OTM
PETRP36,2025-02-25,37.95,PETR4,PUT,2025-04-17,27.91,37,36.248,1.52,OTM
PETRP361,2025-02-25,37.95,PETR4,PUT,2025-04-17,32.41,37,27.384,6.95,OTM
PETRP366,2025-02-25,37.95,PETR4,PUT,2025-04-17,32.91,37,26.383,8.26,OTM
PETRP369,2025-02-25,37.95,PETR4,PUT,2025-04-17,33.16,37,25.808,8.94,OTM
PETRP371,2025-02-25,37.95,PETR4,PUT,2025-04-17,33.41,37,25.637,10.07,OTM
PETRP374,2025-02-25,37.95,PETR4,PUT,2025-04-17,33.66,37,24.522,10.37,OTM
PETRP376,2025-02-25,37.95,PETR4,PUT,2025-04-17,33.91,37,23.819,11.13,OTM
PETRP379,2025-02-25,37.95,PETR4,PUT,2025-04-17,34.16,37,23.458,12.34,OTM
PETRP38,2025-02-25,37.95,PETR4,PUT,2025-04-17,38.41,37,15.023,57.42,ATM
PETRP380W1,2025-02-25,37.95,PETR4,PUT,2025-04-04,38.0,28,13.026,50.03,ATM
PETRP381,2025-02-25,37.95,PETR4,PUT,2025-04-17,34.41,37,23.015,13.58,OTM
PETRP384,2025-02-25,37.95,PETR4,PUT,2025-04-17,34.66,37,22.166,14.46,OTM
PETRP385W1,2025-02-25,37.95,PETR4,PUT,2025-04-04,38.5,28,9.505,65.54,ATM
PETRP386,2025-02-25,37.95,PETR4,PUT,2025-04-17,34.91,37,21.599,15.79,OTM
PETRP388,2025-02-25,37.95,PETR4,PUT,2025-04-17,38.91,37,13.396,67.55,ATM
PETRP389,2025-02-25,37.95,PETR4,PUT,2025-04-17,35.16,37,21.253,17.54,OTM
PETRP391,2025-02-25,37.95,PETR4,PUT,2025-04-17,35.41,37,20.539,18.99,OTM
PETRP393,2025-02-25,37.95,PETR4,PUT,2025-04-17,39.41,37,11.899,78.42,ATM
PETRP394,2025-02-25,37.95,PETR4,PUT,2025-04-17,35.66,37,20.275,21.18,OTM
PETRP396,2025-02-25,37.95,PETR4,PUT,2025-04-17,35.91,37,19.656,23.12,OTM
PETRP399,2025-02-25,37.95,PETR4,PUT,2025-04-17,36.16,37,19.18,25.44,ATM
PETRP40,2025-02-25,37.95,PETR4,PUT,2025-04-17,40.41,37,24.431,75.38,ITM
PETRP401,2025-02-25,37.95,PETR4,PUT,2025-04-17,36.41,37,18.6,27.87,ATM
PETRP402,2025-02-25,37.95,PETR4,PUT,2025-04-17,32.66,37,26.911,7.6,OTM
PETRP404,2025-02-25,37.95,PETR4,PUT,2025-04-17,36.66,37,18.326,30.88,ATM
PETRP406,2025-02-25,37.95,PETR4,PUT,2025-04-17,36.91,37,17.914,33.97,ATM
PETRP409,2025-02-25,37.95,PETR4,PUT,2025-04-17,40.91,37,0.0,100.0,ITM
PETRP411,2025-02-25,37.95,PETR4,PUT,2025-04-17,37.41,37,16.876,40.72,ATM
PETRP414,2025-02-25,37.95,PETR4,PUT,2025-04-17,41.41,37,0.0,100.0,ITM
PETRP416,2025-02-25,37.95,PETR4,PUT,2025-04-17,37.91,37,15.955,48.62,ATM
PETRP418,2025-02-25,37.95,PETR4,PUT,2025-04-17,41.91,37,0.0,100.0,ITM
PETRP419,2025-02-25,37.95,PETR4,PUT,2025-04-17,38.16,37,15.326,52.92,ATM
PETRP42,2025-02-25,37.95,PETR4,PUT,2025-04-17,42.41,37,308.461,75.25,ITM
PETRP424,2025-02-25,37.95,PETR4,PUT,2025-04-17,38.66,37,14.158,62.35,ATM
PETRP426,2025-02-25,37.95,PETR4,PUT,2025-04-17,39.91,37,7.751,94.65,ATM
PETRP429,2025-02-25,37.95,PETR4,PUT,2025-04-17,39.16,37,12.92,72.56,ATM
PETRP43,2025-02-25,37.95,PETR4,PUT,2025-04-17,43.41,37,38.396,83.33,ITM
PETRP434,2025-02-25,37.95,PETR4,PUT,2025-04-17,39.66,37,11.891,82.27,ATM
PETRP437,2025-02-25,37.95,PETR4,PUT,2025-04-17,29.16,37,36.426,3.3,OTM
PETRP438,2025-02-25,37.95,PETR4,PUT,2025-04-17,43.91,37,16.165,99.03,ITM
PETRP439,2025-02-25,37.95,PETR4,PUT,2025-04-17,40.16,37,6.858,98.01,ITM
PETRP44,2025-02-25,37.95,PETR4,PUT,2025-04-17,44.41,37,0.0,100.0,ITM
PETRP444,2025-02-25,37.95,PETR4,PUT,2025-04-17,40.66,37,0.0,100.0,ITM
PETRP446,2025-02-25,37.95,PETR4,PUT,2025-04-17,37.16,37,17.185,37.03,ATM
PETRP452,2025-02-25,37.95,PETR4,PUT,2025-04-17,37.66,37,16.233,44.46,ATM
PETRP456,2025-02-25,37.95,PETR4,PUT,2025-04-17,45.66,37,286.493,76.26,ITM
PETRP457,2025-02-25,37.95,PETR4,PUT,2025-04-17,31.16,37,31.203,5.33,OTM
PETRP463,2025-02-25,37.95,PETR4,PUT,2025-04-17,46.41,37,35.407,93.69,ITM
PETRP464,2025-02-25,37.95,PETR4,PUT,2025-04-17,42.66,37,0.0,100.0,ITM
PETRP468,2025-02-25,37.95,PETR4,PUT,2025-04-17,46.91,37,0.0,100.0,ITM
PETRP469,2025-02-25,37.95,PETR4,PUT,2025-04-17,43.16,37,326.159,76.59,ITM
PETRP474,2025-02-25,37.95,PETR4,PUT,2025-04-17,43.66,37,0.0,100.0,ITM
PETRP481,2025-02-25,37.95,PETR4,PUT,2025-04-17,48.16,37,255.746,76.73,ITM
PETRP483,2025-02-25,37.95,PETR4,PUT,2025-04-17,48.41,37,20.763,99.89,ITM
PETRP489,2025-02-25,37.95,PETR4,PUT,2025-04-17,45.16,37,28.331,94.84,ITM
PETRP5,2025-02-25,37.95,PETR4,PUT,2025-04-17,32.16,37,28.433,6.79,OTM
PETRP505,2025-02-25,37.95,PETR4,PUT,2025-04-17,42.91,37,23.296,91.74,ITM
PETRP506,2025-02-25,37.95,PETR4,PUT,2025-04-17,47.91,37,0.0,100.0,ITM
PETRP516,2025-02-25,37.95,PETR4,PUT,2025-04-17,48.91,37,0.0,100.0,ITM
PETRP526,2025-02-25,37.95,PETR4,PUT,2025-04-17,49.91,37,27.728,99.54,ITM
PETRP571,2025-02-25,37.95,PETR4,PUT,2025-04-17,57.16,37,30.81,99.98,ITM
PETRP7,2025-02-25,37.95,PETR4,PUT,2025-04-17,44.91,37,7.172,100.0,ITM
PETRQ324,2025-02-25,37.95,PETR4,PUT,2025-05-16,32.49,58,25.079,10.22,OTM
PETRQ326,2025-02-25,37.95,PETR4,PUT,2025-05-16,32.74,58,24.509,10.82,OTM
PETRQ331,2025-02-25,37.95,PETR4,PUT,2025-05-16,33.24,58,23.912,12.76,OTM
PETRQ334,2025-02-25,37.95,PETR4,PUT,2025-05-16,33.49,58,20.738,10.51,OTM
PETRQ337,2025-02-25,37.95,PETR4,PUT,2025-05-16,33.74,58,23.104,14.76,OTM
PETRQ339,2025-02-25,37.95,PETR4,PUT,2025-05-16,33.99,58,21.583,14.53,OTM
PETRQ342,2025-02-25,37.95,PETR4,PUT,2025-05-16,34.24,58,22.119,16.86,OTM
PETRQ344,2025-02-25,37.95,PETR4,PUT,2025-05-16,34.49,58,22.025,18.53,OTM
PETRQ347,2025-02-25,37.95,PETR4,PUT,2025-05-16,34.74,58,21.414,19.66,OTM
PETRQ349,2025-02-25,37.95,PETR4,PUT,2025-05-16,34.99,58,21.181,21.37,OTM
PETRQ352,2025-02-25,37.95,PETR4,PUT,2025-05-16,35.24,58,20.874,23.1,OTM
PETRQ354,2025-02-25,37.95,PETR4,PUT,2025-05-16,35.49,58,20.125,24.4,OTM
PETRQ357,2025-02-25,37.95,PETR4,PUT,2025-05-16,35.74,58,18.794,25.1,OTM
PETRQ362,2025-02-25,37.95,PETR4,PUT,2025-05-16,36.24,58,19.329,30.84,ATM
PETRQ364,2025-02-25,37.95,PETR4,PUT,2025-05-16,36.49,58,18.537,32.69,ATM
PETRQ367,2025-02-25,37.95,PETR4,PUT,2025-05-16,36.74,58,18.616,35.58,ATM
PETRQ369,2025-02-25,37.95,PETR4,PUT,2025-05-16,36.99,58,18.733,38.54,ATM
PETRQ374,2025-02-25,37.95,PETR4,PUT,2025-05-16,37.49,58,16.803,43.33,ATM
PETRQ377,2025-02-25,37.95,PETR4,PUT,2025-05-16,37.74,58,17.056,46.69,ATM
PETRQ379,2025-02-25,37.95,PETR4,PUT,2025-05-16,37.99,58,16.362,49.76,ATM
PETRQ382,2025-02-25,37.95,PETR4,PUT,2025-05-16,38.24,58,15.702,53.09,ATM
PETRQ384,2025-02-25,37.95,PETR4,PUT,2025-05-16,38.49,58,15.613,56.54,ATM
PETRQ39,2025-02-25,37.95,PETR4,PUT,2025-05-16,39.99,58,7.921,89.9,ITM
PETRQ397,2025-02-25,37.95,PETR4,PUT,2025-05-16,39.74,58,12.085,77.17,ATM
PETRQ419,2025-02-25,37.95,PETR4,PUT,2025-05-16,37.24,58,18.018,40.96,ATM
PETRR252,2025-02-25,37.95,PETR4,PUT,2025-06-20,21.49,83,44.432,1.66,OTM
PETRR331,2025-02-25,37.95,PETR4,PUT,2025-06-20,33.24,83,22.107,15.08,OTM
PETRR356,2025-02-25,37.95,PETR4,PUT,2025-06-20,32.99,83,21.51,13.0,OTM
PETRR362,2025-02-25,37.95,PETR4,PUT,2025-06-20,36.24,83,17.825,32.13,ATM
PETRR366,2025-02-25,37.95,PETR4,PUT,2025-06-20,33.99,83,20.392,17.38,OTM
PETRR381,2025-02-25,37.95,PETR4,PUT,2025-06-20,35.49,83,18.488,26.09,OTM
PETRR391,2025-02-25,37.95,PETR4,PUT,2025-06-20,36.49,83,17.658,34.4,ATM
PETRR394,2025-02-25,37.95,PETR4,PUT,2025-06-20,36.74,83,31.291,44.93,ATM
PETRR406,2025-02-25,37.95,PETR4,PUT,2025-06-20,37.99,83,13.874,48.82,ATM
PETRR418,2025-02-25,37.95,PETR4,PUT,2025-06-20,37.24,83,16.637,41.33,ATM
PETRR434,2025-02-25,37.95,PETR4,PUT,2025-06-20,40.74,83,4.938,98.88,ITM
PETRS368,2025-02-25,37.95,PETR4,PUT,2025-07-18,34.03,103,18.883,18.13,OTM
PETRS378,2025-02-25,37.95,PETR4,PUT,2025-07-18,35.03,103,17.534,23.24,OTM
PETRS388,2025-02-25,37.95,PETR4,PUT,2025-07-18,36.03,103,17.399,31.4,OTM
PETRS408,2025-02-25,37.95,PETR4,PUT,2025-07-18,38.03,103,13.492,48.91,ATM
PETRS413,2025-02-25,37.95,PETR4,PUT,2025-07-18,38.53,103,12.483,55.07,ATM
PETRS418,2025-02-25,37.95,PETR4,PUT,2025-07-18,39.03,103,11.33,62.2,ATM
PETRS43,2025-02-25,37.95,PETR4,PUT,2025-07-18,39.78,103,9.037,75.88,ATM
PETRS432,2025-02-25,37.95,PETR4,PUT,2025-07-18,40.53,103,1.585,100.0,ITM
PETRS433,2025-02-25,37.95,PETR4,PUT,2025-07-18,39.53,103,9.905,70.77,ATM
PETRS434,2025-02-25,37.95,PETR4,PUT,2025-07-18,40.78,103,28.122,67.16,ITM
PETRS437,2025-02-25,37.95,PETR4,PUT,2025-07-18,41.03,103,14.149,79.32,ITM
PETRS438,2025-02-25,37.95,PETR4,PUT,2025-07-18,40.03,103,7.704,82.69,ITM
PETRT399,2025-02-25,37.95,PETR4,PUT,2025-08-15,31.03,123,23.678,11.64,OTM
PETRT409,2025-02-25,37.95,PETR4,PUT,2025-08-15,38.28,123,13.729,51.45,ATM
PETRT466,2025-02-25,37.95,PETR4,PUT,2025-08-15,39.03,123,12.37,60.06,ATM
PETRT500,2025-02-25,37.95,PETR4,PUT,2026-08-21,47.23,388,0.0,100.0,ITM
PETRU43,2025-02-25,37.95,PETR4,PUT,2025-09-19,41.12,148,14.237,75.24,ITM
PETRV296,2025-02-25,37.95,PETR4,PUT,2025-10-17,29.62,168,23.398,10.18,OTM
PETRV34,2025-02-25,37.95,PETR4,PUT,2025-10-17,25.12,168,28.825,4.53,OTM
PETRV376,2025-02-25,37.95,PETR4,PUT,2025-10-17,37.62,168,14.764,45.11,ATM
PETRV381,2025-02-25,37.95,PETR4,PUT,2025-10-17,38.12,168,13.92,49.16,ATM
PETRV457,2025-02-25,37.95,PETR4,PUT,2025-10-17,36.87,168,14.585,38.41,ATM
PETRX18,2025-02-25,37.95,PETR4,PUT,2026-12-18,39.22,473,11.544,51.99,ATM
PETRX35,2025-02-25,37.95,PETR4,PUT,2025-12-19,27.4,213,25.028,8.47,OTM
PETRX361,2025-02-25,37.95,PETR4,PUT,2025-12-19,34.9,213,16.311,27.54,OTM
PETRX405,2025-02-25,37.95,PETR4,PUT,2025-12-19,35.9,213,15.099,32.55,OTM
PETRX415,2025-02-25,37.95,PETR4,PUT,2025-12-19,36.9,213,15.284,40.14,ATM
PETRX42,2025-02-25,37.95,PETR4,PUT,2025-12-19,37.9,213,13.953,46.89,ATM
PETRX435,2025-02-25,37.95,PETR4,PUT,2025-12-19,38.9,213,22.142,55.57,ATM
PETRX445,2025-02-25,37.95,PETR4,PUT,2025-12-19,39.9,213,10.776,64.98,ATM
PETRX56,2025-02-25,37.95,PETR4,PUT,2026-12-18,42.22,473,6.354,79.87,ITM
