Datetime,Symbol,Open,High,Low,Close,AdjClose,Volume,Dividends,Stock_Splits
1741190400000,STBP3,13.40999984741211,13.479999542236328,13.350000381469727,13.390000343322754,13.390000343322754,689600,0.0,0.0
1741194000000,STBP3,13.390000343322754,13.40999984741211,13.380000114440918,13.399999618530273,13.399999618530273,398400,0.0,0.0
1741197600000,STBP3,13.390000343322754,13.399999618530273,13.359999656677246,13.369999885559082,13.369999885559082,423700,0.0,0.0
1741201200000,STBP3,13.359999656677246,13.399999618530273,13.329999923706055,13.399999618530273,13.399999618530273,681100,0.0,0.0
1741204800000,STBP3,13.399999618530273,13.430000305175781,13.390000343322754,13.430000305175781,13.430000305175781,1316700,0.0,0.0
1741266000000,STBP3,13.479999542236328,13.479999542236328,13.380000114440918,13.399999618530273,13.399999618530273,144100,0.0,0.0
1741269600000,STBP3,13.380000114440918,13.399999618530273,13.359999656677246,13.380000114440918,13.380000114440918,385600,0.0,0.0
1741273200000,STBP3,13.369999885559082,13.399999618530273,13.359999656677246,13.369999885559082,13.369999885559082,254300,0.0,0.0
1741276800000,STBP3,13.359999656677246,13.380000114440918,13.350000381469727,13.359999656677246,13.359999656677246,305300,0.0,0.0
1741280400000,STBP3,13.359999656677246,13.369999885559082,13.359999656677246,13.369999885559082,13.369999885559082,130200,0.0,0.0
1741284000000,STBP3,13.369999885559082,13.380000114440918,13.359999656677246,13.359999656677246,13.359999656677246,254100,0.0,0.0
1741287600000,STBP3,13.359999656677246,13.380000114440918,13.359999656677246,13.380000114440918,13.380000114440918,777700,0.0,0.0
1741352400000,STBP3,13.149999618530273,13.149999618530273,13.09000015258789,13.109999656677246,13.109999656677246,875100,0.273423,0.0
1741356000000,STBP3,13.109999656677246,13.149999618530273,13.079999923706055,13.109999656677246,13.109999656677246,605100,0.0,0.0
1741359600000,STBP3,13.109999656677246,13.130000114440918,13.109999656677246,13.119999885559082,13.119999885559082,119200,0.0,0.0
1741363200000,STBP3,13.109999656677246,13.119999885559082,13.100000381469727,13.119999885559082,13.119999885559082,192500,0.0,0.0
1741366800000,STBP3,13.119999885559082,13.119999885559082,13.100000381469727,13.109999656677246,13.109999656677246,97100,0.0,0.0
1741370400000,STBP3,13.119999885559082,13.119999885559082,13.100000381469727,13.109999656677246,13.109999656677246,144300,0.0,0.0
1741374000000,STBP3,13.119999885559082,13.149999618530273,13.109999656677246,13.149999618530273,13.149999618530273,964900,0.0,0.0
1741611600000,STBP3,13.109999656677246,13.140000343322754,13.100000381469727,13.100000381469727,13.100000381469727,0,0.0,0.0
1741615200000,STBP3,13.100000381469727,13.119999885559082,13.09000015258789,13.119999885559082,13.119999885559082,543400,0.0,0.0
1741618800000,STBP3,13.119999885559082,13.130000114440918,13.100000381469727,13.100000381469727,13.100000381469727,342200,0.0,0.0
1741622400000,STBP3,13.109999656677246,13.119999885559082,13.09000015258789,13.100000381469727,13.100000381469727,390700,0.0,0.0
1741626000000,STBP3,13.100000381469727,13.109999656677246,13.079999923706055,13.100000381469727,13.100000381469727,830100,0.0,0.0
1741629600000,STBP3,13.109999656677246,13.130000114440918,13.09000015258789,13.130000114440918,13.130000114440918,501100,0.0,0.0
1741633200000,STBP3,13.119999885559082,13.149999618530273,13.119999885559082,13.149999618530273,13.149999618530273,687700,0.0,0.0
1741698000000,STBP3,13.180000305175781,13.180000305175781,13.119999885559082,13.119999885559082,13.119999885559082,0,0.0,0.0
1741701600000,STBP3,13.119999885559082,13.149999618530273,13.119999885559082,13.149999618530273,13.149999618530273,579300,0.0,0.0
1741705200000,STBP3,13.130000114440918,13.149999618530273,13.130000114440918,13.140000343322754,13.140000343322754,309600,0.0,0.0
1741708800000,STBP3,13.130000114440918,13.149999618530273,13.119999885559082,13.130000114440918,13.130000114440918,333100,0.0,0.0
1741712400000,STBP3,13.130000114440918,13.149999618530273,13.119999885559082,13.149999618530273,13.149999618530273,576600,0.0,0.0
1741716000000,STBP3,13.149999618530273,13.1899995803833,13.140000343322754,13.180000305175781,13.180000305175781,674300,0.0,0.0
1741719600000,STBP3,13.170000076293945,13.220000267028809,13.170000076293945,13.220000267028809,13.220000267028809,839800,0.0,0.0
1741784400000,STBP3,13.220000267028809,13.220000267028809,13.180000305175781,13.1899995803833,13.1899995803833,0,0.0,0.0
1741788000000,STBP3,13.1899995803833,13.199999809265137,13.170000076293945,13.199999809265137,13.199999809265137,380700,0.0,0.0
1741791600000,STBP3,13.199999809265137,13.229999542236328,13.199999809265137,13.210000038146973,13.210000038146973,124400,0.0,0.0
1741795200000,STBP3,13.210000038146973,13.25,13.210000038146973,13.229999542236328,13.229999542236328,324200,0.0,0.0
1741798800000,STBP3,13.229999542236328,13.25,13.229999542236328,13.229999542236328,13.229999542236328,245500,0.0,0.0
1741802400000,STBP3,13.229999542236328,13.25,13.220000267028809,13.239999771118164,13.239999771118164,327900,0.0,0.0
1741806000000,STBP3,13.229999542236328,13.279999732971191,13.229999542236328,13.279999732971191,13.279999732971191,404100,0.0,0.0
1741870800000,STBP3,13.270000457763672,13.270000457763672,13.239999771118164,13.239999771118164,13.239999771118164,0,0.0,0.0
1741874400000,STBP3,13.239999771118164,13.289999961853027,13.239999771118164,13.289999961853027,13.289999961853027,444100,0.0,0.0
1741878000000,STBP3,13.289999961853027,13.289999961853027,13.279999732971191,13.289999961853027,13.289999961853027,265500,0.0,0.0
1741881600000,STBP3,13.289999961853027,13.289999961853027,13.279999732971191,13.279999732971191,13.279999732971191,230500,0.0,0.0
1741885200000,STBP3,13.289999961853027,13.3100004196167,13.279999732971191,13.279999732971191,13.279999732971191,501800,0.0,0.0
1741888800000,STBP3,13.289999961853027,13.289999961853027,13.260000228881836,13.279999732971191,13.279999732971191,355500,0.0,0.0
1741892400000,STBP3,13.270000457763672,13.300000190734863,13.270000457763672,13.279999732971191,13.279999732971191,625800,0.0,0.0
1741957200000,STBP3,13.279999732971191,13.369999885559082,13.270000457763672,13.350000381469727,13.350000381469727,2300800,0.0,0.0
1741960800000,STBP3,13.350000381469727,13.390000343322754,13.34000015258789,13.359999656677246,13.359999656677246,1601400,0.0,0.0
1741964400000,STBP3,13.359999656677246,13.369999885559082,13.350000381469727,13.359999656677246,13.359999656677246,564400,0.0,0.0
1741968000000,STBP3,13.359999656677246,13.359999656677246,13.350000381469727,13.359999656677246,13.359999656677246,425400,0.0,0.0
1741971600000,STBP3,13.359999656677246,13.369999885559082,13.350000381469727,13.369999885559082,13.369999885559082,444600,0.0,0.0
1741975200000,STBP3,13.359999656677246,13.369999885559082,13.34000015258789,13.359999656677246,13.359999656677246,717500,0.0,0.0
1741978800000,STBP3,13.359999656677246,13.369999885559082,13.34000015258789,13.34000015258789,13.34000015258789,1846500,0.0,0.0
1742216400000,STBP3,13.350000381469727,13.380000114440918,13.329999923706055,13.350000381469727,13.350000381469727,0,0.0,0.0
1742220000000,STBP3,13.34000015258789,13.359999656677246,13.34000015258789,13.350000381469727,13.350000381469727,601900,0.0,0.0
1742223600000,STBP3,13.350000381469727,13.380000114440918,13.34000015258789,13.380000114440918,13.380000114440918,377800,0.0,0.0
1742227200000,STBP3,13.380000114440918,13.399999618530273,13.359999656677246,13.390000343322754,13.390000343322754,186200,0.0,0.0
1742230800000,STBP3,13.380000114440918,13.399999618530273,13.380000114440918,13.399999618530273,13.399999618530273,285000,0.0,0.0
1742234400000,STBP3,13.399999618530273,13.399999618530273,13.369999885559082,13.380000114440918,13.380000114440918,546900,0.0,0.0
1742238000000,STBP3,13.380000114440918,13.380000114440918,13.359999656677246,13.380000114440918,13.380000114440918,469500,0.0,0.0
1742302800000,STBP3,13.380000114440918,13.399999618530273,13.34000015258789,13.359999656677246,13.359999656677246,0,0.0,0.0
1742306400000,STBP3,13.350000381469727,13.359999656677246,13.350000381469727,13.359999656677246,13.359999656677246,507100,0.0,0.0
1742310000000,STBP3,13.350000381469727,13.359999656677246,13.350000381469727,13.350000381469727,13.350000381469727,443300,0.0,0.0
1742313600000,STBP3,13.350000381469727,13.369999885559082,13.34000015258789,13.350000381469727,13.350000381469727,467100,0.0,0.0
1742317200000,STBP3,13.350000381469727,13.359999656677246,13.34000015258789,13.359999656677246,13.359999656677246,577700,0.0,0.0
1742320800000,STBP3,13.359999656677246,13.369999885559082,13.350000381469727,13.369999885559082,13.369999885559082,495100,0.0,0.0
1742324400000,STBP3,13.369999885559082,13.369999885559082,13.350000381469727,13.359999656677246,13.359999656677246,1265200,0.0,0.0
1742389200000,STBP3,13.390000343322754,13.390000343322754,13.350000381469727,13.369999885559082,13.369999885559082,0,0.0,0.0
1742392800000,STBP3,13.359999656677246,13.399999618530273,13.359999656677246,13.399999618530273,13.399999618530273,356000,0.0,0.0
1742396400000,STBP3,13.390000343322754,13.40999984741211,13.390000343322754,13.399999618530273,13.399999618530273,328600,0.0,0.0
1742400000000,STBP3,13.399999618530273,13.420000076293945,13.390000343322754,13.40999984741211,13.40999984741211,363200,0.0,0.0
1742403600000,STBP3,13.399999618530273,13.430000305175781,13.380000114440918,13.390000343322754,13.390000343322754,429200,0.0,0.0
1742407200000,STBP3,13.380000114440918,13.399999618530273,13.369999885559082,13.390000343322754,13.390000343322754,333600,0.0,0.0
1742410800000,STBP3,13.380000114440918,13.390000343322754,13.359999656677246,13.390000343322754,13.390000343322754,355300,0.0,0.0
1742475600000,STBP3,13.390000343322754,13.390000343322754,13.350000381469727,13.369999885559082,13.369999885559082,0,0.0,0.0
1742479200000,STBP3,13.369999885559082,13.399999618530273,13.359999656677246,13.390000343322754,13.390000343322754,677600,0.0,0.0
1742482800000,STBP3,13.399999618530273,13.399999618530273,13.380000114440918,13.390000343322754,13.390000343322754,779500,0.0,0.0
1742486400000,STBP3,13.380000114440918,13.390000343322754,13.369999885559082,13.380000114440918,13.380000114440918,451400,0.0,0.0
1742490000000,STBP3,13.380000114440918,13.380000114440918,13.359999656677246,13.369999885559082,13.369999885559082,462200,0.0,0.0
1742493600000,STBP3,13.359999656677246,13.369999885559082,13.359999656677246,13.359999656677246,13.359999656677246,528600,0.0,0.0
1742497200000,STBP3,13.359999656677246,13.369999885559082,13.350000381469727,13.369999885559082,13.369999885559082,491700,0.0,0.0
1742562000000,STBP3,13.430000305175781,13.430000305175781,13.359999656677246,13.359999656677246,13.359999656677246,0,0.0,0.0
1742565600000,STBP3,13.369999885559082,13.390000343322754,13.350000381469727,13.380000114440918,13.380000114440918,326900,0.0,0.0
1742569200000,STBP3,13.390000343322754,13.390000343322754,13.369999885559082,13.390000343322754,13.390000343322754,265400,0.0,0.0
1742572800000,STBP3,13.380000114440918,13.399999618530273,13.380000114440918,13.390000343322754,13.390000343322754,314600,0.0,0.0
1742576400000,STBP3,13.390000343322754,13.390000343322754,13.369999885559082,13.369999885559082,13.369999885559082,256800,0.0,0.0
1742580000000,STBP3,13.380000114440918,13.380000114440918,13.359999656677246,13.359999656677246,13.359999656677246,466000,0.0,0.0
1742583600000,STBP3,13.359999656677246,13.380000114440918,13.359999656677246,13.369999885559082,13.369999885559082,529300,0.0,0.0
1742821200000,STBP3,13.359999656677246,13.380000114440918,13.34000015258789,13.380000114440918,13.380000114440918,0,0.0,0.0
1742824800000,STBP3,13.380000114440918,13.390000343322754,13.369999885559082,13.380000114440918,13.380000114440918,148200,0.0,0.0
1742828400000,STBP3,13.369999885559082,13.380000114440918,13.359999656677246,13.380000114440918,13.380000114440918,94700,0.0,0.0
1742832000000,STBP3,13.380000114440918,13.380000114440918,13.369999885559082,13.380000114440918,13.380000114440918,208800,0.0,0.0
1742835600000,STBP3,13.369999885559082,13.380000114440918,13.359999656677246,13.369999885559082,13.369999885559082,400000,0.0,0.0
1742839200000,STBP3,13.369999885559082,13.369999885559082,13.359999656677246,13.369999885559082,13.369999885559082,457400,0.0,0.0
1742842800000,STBP3,13.369999885559082,13.380000114440918,13.359999656677246,13.359999656677246,13.359999656677246,1283400,0.0,0.0
1742907600000,STBP3,13.399999618530273,13.399999618530273,13.34000015258789,13.34000015258789,13.34000015258789,0,0.0,0.0
1742911200000,STBP3,13.34000015258789,13.369999885559082,13.34000015258789,13.350000381469727,13.350000381469727,252200,0.0,0.0
1742914800000,STBP3,13.350000381469727,13.369999885559082,13.34000015258789,13.34000015258789,13.34000015258789,670500,0.0,0.0
1742918400000,STBP3,13.34000015258789,13.350000381469727,13.329999923706055,13.329999923706055,13.329999923706055,525000,0.0,0.0
1742922000000,STBP3,13.329999923706055,13.350000381469727,13.329999923706055,13.329999923706055,13.329999923706055,317100,0.0,0.0
1742925600000,STBP3,13.329999923706055,13.350000381469727,13.319999694824219,13.329999923706055,13.329999923706055,652300,0.0,0.0
1742929200000,STBP3,13.329999923706055,13.34000015258789,13.329999923706055,13.34000015258789,13.34000015258789,581300,0.0,0.0
1742994000000,STBP3,13.359999656677246,13.359999656677246,13.319999694824219,13.329999923706055,13.329999923706055,0,0.0,0.0
1742997600000,STBP3,13.319999694824219,13.329999923706055,13.300000190734863,13.3100004196167,13.3100004196167,601100,0.0,0.0
1743001200000,STBP3,13.319999694824219,13.319999694824219,13.270000457763672,13.279999732971191,13.279999732971191,3406100,0.0,0.0
1743004800000,STBP3,13.270000457763672,13.279999732971191,13.260000228881836,13.260000228881836,13.260000228881836,351800,0.0,0.0
1743008400000,STBP3,13.260000228881836,13.270000457763672,13.239999771118164,13.25,13.25,424700,0.0,0.0
1743012000000,STBP3,13.239999771118164,13.270000457763672,13.239999771118164,13.270000457763672,13.270000457763672,918500,0.0,0.0
1743015600000,STBP3,13.260000228881836,13.279999732971191,13.260000228881836,13.270000457763672,13.270000457763672,549200,0.0,0.0
1743080400000,STBP3,13.289999961853027,13.300000190734863,13.239999771118164,13.279999732971191,13.279999732971191,0,0.0,0.0
1743084000000,STBP3,13.279999732971191,13.289999961853027,13.260000228881836,13.270000457763672,13.270000457763672,194800,0.0,0.0
1743087600000,STBP3,13.270000457763672,13.3100004196167,13.270000457763672,13.300000190734863,13.300000190734863,645100,0.0,0.0
1743091200000,STBP3,13.300000190734863,13.319999694824219,13.289999961853027,13.3100004196167,13.3100004196167,381300,0.0,0.0
1743094800000,STBP3,13.3100004196167,13.319999694824219,13.279999732971191,13.300000190734863,13.300000190734863,310400,0.0,0.0
1743098400000,STBP3,13.289999961853027,13.3100004196167,13.279999732971191,13.279999732971191,13.279999732971191,366300,0.0,0.0
1743102000000,STBP3,13.279999732971191,13.289999961853027,13.260000228881836,13.289999961853027,13.289999961853027,486600,0.0,0.0
1743166800000,STBP3,13.319999694824219,13.319999694824219,13.260000228881836,13.260000228881836,13.260000228881836,0,0.0,0.0
1743170400000,STBP3,13.260000228881836,13.279999732971191,13.25,13.260000228881836,13.260000228881836,243700,0.0,0.0
1743174000000,STBP3,13.260000228881836,13.270000457763672,13.25,13.25,13.25,142500,0.0,0.0
1743177600000,STBP3,13.260000228881836,13.260000228881836,13.25,13.25,13.25,303100,0.0,0.0
1743181200000,STBP3,13.25,13.270000457763672,13.25,13.260000228881836,13.260000228881836,279100,0.0,0.0
1743184800000,STBP3,13.25,13.289999961853027,13.25,13.270000457763672,13.270000457763672,490700,0.0,0.0
1743188400000,STBP3,13.260000228881836,13.270000457763672,13.25,13.260000228881836,13.260000228881836,296100,0.0,0.0
1743426000000,STBP3,13.25,13.279999732971191,13.229999542236328,13.25,13.25,0,0.0,0.0
1743429600000,STBP3,13.25,13.270000457763672,13.25,13.270000457763672,13.270000457763672,329100,0.0,0.0
1743433200000,STBP3,13.260000228881836,13.270000457763672,13.25,13.260000228881836,13.260000228881836,121300,0.0,0.0
1743436800000,STBP3,13.260000228881836,13.270000457763672,13.25,13.25,13.25,141100,0.0,0.0
1743440400000,STBP3,13.25,13.270000457763672,13.25,13.25,13.25,723600,0.0,0.0
1743444000000,STBP3,13.25,13.300000190734863,13.25,13.300000190734863,13.300000190734863,782200,0.0,0.0
1743447600000,STBP3,13.289999961853027,13.3100004196167,13.270000457763672,13.300000190734863,13.300000190734863,929300,0.0,0.0
1743512400000,STBP3,13.319999694824219,13.319999694824219,13.279999732971191,13.279999732971191,13.279999732971191,599200,0.0,0.0
1743516000000,STBP3,13.279999732971191,13.3100004196167,13.279999732971191,13.300000190734863,13.300000190734863,190400,0.0,0.0
1743519600000,STBP3,13.3100004196167,13.3100004196167,13.289999961853027,13.300000190734863,13.300000190734863,247100,0.0,0.0
1743523200000,STBP3,13.3100004196167,13.3100004196167,13.289999961853027,13.300000190734863,13.300000190734863,161200,0.0,0.0
1743526800000,STBP3,13.300000190734863,13.3100004196167,13.289999961853027,13.300000190734863,13.300000190734863,232700,0.0,0.0
1743530400000,STBP3,13.300000190734863,13.300000190734863,13.289999961853027,13.300000190734863,13.300000190734863,230200,0.0,0.0
1743534000000,STBP3,13.300000190734863,13.300000190734863,13.279999732971191,13.300000190734863,13.300000190734863,477500,0.0,0.0
