symbol,type,name,open,high,low,close,volume,financial_volume,trades,bid,ask,category,contract_size,created_at,updated_at,variation,ewma_1y_max,ewma_1y_min,ewma_1y_percentile,ewma_1y_rank,ewma_6m_max,ewma_6m_min,ewma_6m_percentile,ewma_6m_rank,ewma_current,has_options,iv_1y_max,iv_1y_min,iv_1y_percentile,iv_1y_rank,iv_6m_max,iv_6m_min,iv_6m_percentile,iv_6m_rank,iv_current,middle_term_trend,semi_return_1y,short_term_trend,stdv_1y,stdv_5d,beta_ibov,garch11_1y,isin,correl_ibov,entropy,sector,cvmCode,currency,currencyScale,marketMaker,previousClose,time
ALOS3,STOCK,ALLOS ON,18.49,18.79,18.43,18.68,442900,8236280,0,18.66,18.67,VISTA,100,2025-02-25T10:18:51.949Z,2025-02-25T10:18:51.949Z,1.192,33.19,15.84,59.52,44.84,31.69,15.84,49.21,49.09,23.62,True,37.03,15.16,78.57,46.46,34.91,15.16,85.71,51.44,25.32,-1,0.82,-1,0.014590834393304353,0.011996491314214562,1.225399868617897,23.93,BRALOSACNOR5,0.7144020680750888,0.5528934379970695,EMP. ADM. PART. - COMÉRCIO (ATACADO E VAREJO),,,,,,2025-02-25 12:25:03
ALPA4,STOCK,ALPARGATAS PN,6.58,6.7,6.38,6.63,1589900,10429100,0,6.61,6.63,VISTA,100,2025-02-25T10:18:51.956Z,2025-02-25T10:18:51.956Z,0.455,55.03,22.64,51.19,43.32,55.03,22.64,34.13,43.32,36.67,True,58.42,26.26,43.65,33.96,58.42,26.26,38.89,33.96,37.18,1,0.8,1,0.0227608986149367,0.013341270249640253,1.5442749964920228,34.78,BRALPAACNPR7,0.5771387538455895,0.31984659677744604,TÊXTIL E VESTUÁRIO,,,,,,2025-02-25 12:25:08
ABEV3,STOCK,AMBEV S/A ON,11.03,11.14,11.02,11.1,4158200,46081800,0,11.1,11.11,VISTA,100,2025-02-25T10:18:51.873Z,2025-02-25T10:18:51.873Z,0.635,35.98,12.19,45.24,35.6,35.98,15.05,29.37,26.8,20.66,True,42.37,15.31,61.9,35.29,42.37,16.16,42.06,33.19,24.86,0,0.86,0,0.012529849035543694,0.007763898511399691,0.7218108735850189,18.4,BRABEVACNOR1,0.4900299039252494,0.6472698384690236,BEBIDAS E FUMO,,,,,,2025-02-25 12:25:11
ASAI3,STOCK,ASSAI ON,6.82,7.01,6.77,7.01,3318500,22940000,0,7,7.01,VISTA,100,2025-02-25T10:18:51.835Z,2025-02-25T10:18:51.835Z,3.088,70.59,24.57,63.89,48,70.59,38.1,28.57,26.35,46.66,True,62.65,26.32,75.79,55.27,62.65,33.17,52.38,44.88,46.4,1,0.97,1,0.027650309269942327,0.032684924602844244,1.9313092819759798,43.23,BRASAIACNOR0,0.5941510053935414,0.1930895837635133,COMÉRCIO (ATACADO E VAREJO),,,,,,2025-02-25 12:25:11
AURE3,STOCK,AUREN ON,8.47,8.59,8.06,8.33,3695600,30490800,0,8.33,8.34,VISTA,100,2025-02-25T10:18:51.969Z,2025-02-25T10:18:51.969Z,-4.032,34.18,10.78,94.84,57.65,34.18,12.89,89.68,53.45,24.27,True,41.57,3.65,90.87,53.85,41.57,3.65,89.68,53.85,24.07,1,0.69,1,0.013239621685484725,0.01309470312538818,0.8504427517757546,27.11,BRAUREACNOR9,0.5489170278731353,0.19190882248405272,,,,,,,2025-02-25 12:25:05
AZUL4,STOCK,AZUL PN,3.8,3.89,3.75,3.85,5887600,22543700,0,3.85,3.86,VISTA,100,2025-02-25T10:18:51.769Z,2025-02-25T10:18:51.769Z,1.852,148.97,45.77,30.56,26.6,138.12,59.44,0,17.51,73.22,True,179.85,49.9,28.57,18.76,139.69,49.9,8.73,27.15,74.28,0,0.9,0,0.048152127973533985,0.020579905646029132,2.385165043589815,68.44,BRAZULACNPR4,0.42135480723317154,0.22635095345968248,EMP. ADM. PART. - SERVIÇOS TRANSPORTE E LOGÍSTICA,,,,,,2025-02-25 12:25:08
AZZA3,STOCK,AZZAS 2154 ON,28.7,28.94,28.14,28.5,861100,24591100,0,28.51,28.53,VISTA,100,2025-02-25T10:18:51.780Z,2025-02-25T10:18:51.780Z,-0.662,55.99,19.25,46.83,49.27,55.99,20.54,62.7,47.42,37.35,True,44.84,26.66,61.51,82.18,44.84,26.66,93.65,82.18,41.6,-1,0.8,-1,0.025032681804697417,0.02226250172656327,-0.20232901040713272,58.73,BRAZZAACNOR9,-0.057906650789649905,0.26832841335757895,,,,,,,2025-02-25 12:25:16
B3SA3,STOCK,B3 ON,10.88,10.94,10.74,10.79,23343600,252815000,0,10.79,10.8,VISTA,100,2025-02-25T10:18:51.812Z,2025-02-25T10:18:51.812Z,-0.461,39.26,20.98,36.11,39.93,39.26,23.82,28.57,28.89,28.28,True,39.63,19.72,28.17,43.7,39.63,22.63,21.43,34.06,28.42,1,0.84,-1,0.018040945579601737,0.003941299963685472,1.5373354292956634,31.21,BRB3SAACNOR6,0.7248603450152795,0.6571759999394406,BOLSAS DE VALORES/MERCADORIAS E FUTUROS,,,,,,2025-02-25 12:25:18
BBSE3,STOCK,BBSEGURIDADEON,37.49,37.62,37.32,37.43,1248600,46787300,0,37.43,37.45,VISTA,100,2025-02-25T10:18:51.897Z,2025-02-25T10:18:51.897Z,-0.16,24.38,9.73,98.41,47.37,24.38,9.73,96.83,47.37,16.67,True,25.62,11.62,39.68,36.64,25.62,14.23,16.67,22.12,16.75,1,0.98,0,0.010756532265847987,0.03828595803241557,0.4830190004195221,15.62,BRBBSEACNOR5,0.38197675278758125,0.3458285089288457,EMP. ADM. PART. - SEGURADORAS E CORRETORAS,,,,,,2025-02-25 12:25:19
BBDC3,STOCK,BRADESCO ON,10.73,10.81,10.65,10.8,1080600,11615700,0,10.79,10.8,VISTA,100,2025-02-25T10:18:51.883Z,2025-02-25T10:18:51.883Z,1.029,35.82,11.05,84.52,48.81,29.98,16.66,85.71,48.65,23.14,True,33.13,16.99,25.79,63.69,33.13,16.99,12.7,63.69,27.27,0,0.87,-1,0.013783758983761933,0.0077896526321066,0.31477385561508053,22.28,BRBBDCACNOR1,0.19425669024722977,0.424694741889118,BANCOS,,,,,,2025-02-25 12:25:12
BBDC4,STOCK,BRADESCO PN,11.72,11.75,11.65,11.74,10958000,128241000,0,11.73,11.74,VISTA,100,2025-02-25T10:18:51.883Z,2025-02-25T10:18:51.883Z,0.946,35.07,12.79,93.25,54.89,35.07,18.72,91.27,38.53,25.02,True,46.59,16.56,55.56,28.44,46.59,16.56,26.19,28.44,25.1,0,0.86,-1,0.01444508654238123,0.008065635160271483,1.1244185577037673,23.27,BRBBDCACNPR8,0.6621446257592287,0.3687769725921828,BANCOS,,,,,,2025-02-25 12:25:22
BRAP4,STOCK,BRADESPAR PN,17.24,17.28,17.14,17.17,594400,10234800,0,17.16,17.17,VISTA,100,2025-02-25T10:18:51.790Z,2025-02-25T10:18:51.790Z,-0.923,34.84,14.33,44.05,36.47,34.84,19.15,3.97,16.95,21.81,True,36.14,16.43,38.49,39.27,36.14,20.32,5.56,24.34,24.17,0,0.94,1,0.013931705169189231,0.010883006270363618,0.9253065952336286,21.32,BRBRAPACNPR2,0.5649712971616916,0.8953575222076892,EMP. ADM. PART. - EXTRAÇÃO MINERAL,,,,,,2025-02-25 12:25:18
BBAS3,STOCK,BRASIL ON,27.82,28.23,27.82,28.2,5351900,150331000,0,28.2,28.22,VISTA,100,2025-02-25T10:18:51.876Z,2025-02-25T10:18:51.876Z,1.402,27.5,9.91,99.21,53.16,27.5,9.91,98.41,53.16,19.26,True,29.55,14.07,90.08,42.25,29.55,14.1,88.1,42.14,20.61,1,0.79,1,0.011340692886174505,0.017270734089587528,0.8388132504983069,22.83,BRBBASACNOR3,0.6291738942803627,0.7379174144710505,BANCOS,,,,,,2025-02-25 12:25:24
BRKM5,STOCK,BRASKEM PNA,12.72,12.8,12.5,12.55,569800,7203660,0,12.55,12.57,VISTA,100,2025-02-25T10:18:51.811Z,2025-02-25T10:18:51.811Z,-1.259,74.76,29.44,70.63,31.53,62.99,29.44,65.87,42.59,43.73,True,60.55,32.06,82.14,49.67,60.55,34.11,75.4,45.76,46.21,0,0.93,-1,0.02848899763077319,0.01245872199393365,1.4750858564871305,37.3,BRBRKMACNPA4,0.4404383547603094,0.31487549679333404,PETROQUÍMICOS E BORRACHA,,,,,,2025-02-25 12:25:19
BRAV3,STOCK,BRAVA ON,19.01,19.19,18.88,18.95,1151400,21919800,0,18.93,18.95,VISTA,100,2025-02-25T10:18:51.792Z,2025-02-25T10:18:51.792Z,-0.053,73.74,29.23,19.44,30.78,73.74,29.23,29.37,30.78,42.93,True,68.84,36.45,0.4,2.66,68.84,36.45,0.79,2.66,37.31,0,1.21,-1,0.03420258878774782,0.007929635222610015,0.21262582973357824,34.81,BRBRAVACNOR3,0.04447180081986222,0.5971325273203567,,,,,,,2025-02-25 12:25:28
BRFS3,STOCK,BRF SA ON,18.7,19.22,18.61,19.14,2133000,40707100,0,19.13,19.14,VISTA,100,2025-02-25T10:18:51.798Z,2025-02-25T10:18:51.798Z,2.353,55.71,27.31,53.97,31.27,46.88,27.31,69.84,45.38,36.19,True,52.85,31.37,91.27,66.62,45.84,31.37,98.41,98.89,45.68,-1,0.9,-1,0.023946949628056654,0.013497735552721515,0.9685727449718946,38.12,BRBRFSACNOR8,0.3440543437940883,0.44160349438583213,EMP. ADM. PART. - ALIMENTOS,,,,,,2025-02-25 12:25:29
BPAC11,STOCK,BTGP BANCO UNT,32.75,32.99,32.59,32.84,3736900,122606000,0,32.83,32.85,VISTA,100,2025-02-25T10:18:51.960Z,2025-02-25T10:18:51.960Z,0.613,39.55,19.04,72.62,41.78,39.55,19.04,61.11,41.78,27.61,True,35.52,21.78,47.22,41.56,34.77,21.78,36.51,43.96,27.49,1,0.92,1,0.017336715843437187,0.01260995801826307,1.390655544950902,27.55,BRBPACUNT006,0.6823351476333046,0.7609326869741802,BANCOS,,,,,,2025-02-25 12:25:31
CXSE3,STOCK,CAIXA SEGURION,15.56,15.68,15.42,15.63,614700,9568900,0,15.62,15.63,VISTA,100,2025-02-25T10:18:51.908Z,2025-02-25T10:18:51.908Z,0.644,35.72,13.81,51.98,39.89,35.72,13.81,46.83,39.89,22.55,True,53.8,6.49,9.92,18.6,53.8,8.94,4.76,14.16,15.29,1,0.84,1,0.014582313081232874,0.0025401254992968997,0.6884103195468942,21.36,BRCXSEACNOR7,0.4015743412102277,0.8913444639275778,EMP. ADM. PART. - SEGURADORAS E CORRETORAS,,,,,,2025-02-25 12:25:30
CRFB3,STOCK,CARREFOUR BRON,7.26,7.28,7.22,7.25,2749800,19928200,0,7.24,7.25,VISTA,100,2025-02-25T10:18:51.812Z,2025-02-25T10:18:51.812Z,-0.138,82.5,27.79,74.21,41.66,82.5,39.87,48.41,25.12,50.58,True,81.41,20.22,0,27.91,81.41,20.22,0,27.91,37.3,1,0.82,1,0.029617200756355287,0.011466115960704244,1.8430127061637551,39.07,BRCRFBACNOR2,0.529333429261459,0.2944042312156287,EMP. ADM. PART. - COMÉRCIO (ATACADO E VAREJO),,,,,,2025-02-25 12:25:34
CCRO3,STOCK,CCR SA ON,11.72,11.94,11.67,11.91,1548700,18350100,0,11.9,11.91,VISTA,100,2025-02-25T10:18:51.973Z,2025-02-25T10:18:51.973Z,1.621,37.84,15.52,85.32,48.39,37.84,18.91,70.63,39.14,26.32,True,34.96,16.45,76.59,27.88,30.96,20.81,61.9,7.88,21.61,1,0.86,1,0.015829372087289646,0.014442435352690016,1.3613141563479183,23.21,BRCCROACNOR2,0.7315426898690526,0.6284283005076458,EMP. ADM. PART. - SERVIÇOS TRANSPORTE E LOGÍSTICA,,,,,,2025-02-25 12:25:31
CMIG4,STOCK,CEMIG PN,11.23,11.48,11.21,11.46,2939200,33378700,0,11.45,11.46,VISTA,100,2025-02-25T10:18:51.785Z,2025-02-25T10:18:51.785Z,2.413,38.32,13.21,15.08,41.34,34.2,13.21,28.57,49.45,23.59,True,45.07,19.63,30.16,14.27,27.45,19.63,40.48,46.42,23.26,0,1.04,0,0.01598348540287105,0.004588125693941528,0.9413408705113211,22.19,BRCMIGACNPR3,0.5009800458144464,0.3863221039409069,ENERGIA ELÉTRICA,,,,,,2025-02-25 12:25:32
COGN3,STOCK,COGNA ON ON,1.65,1.67,1.59,1.61,19022400,30935800,0,1.6,1.61,VISTA,100,2025-02-25T10:18:51.888Z,2025-02-25T10:18:51.888Z,-3.012,79.54,36.14,24.21,43.34,79.54,47.36,0.79,23.59,54.95,True,68.89,36.89,57.94,57.5,68.89,46.84,42.86,38.32,55.29,1,0.81,1,0.036051993743309724,0.020455829759362155,2.5563097981491523,56.35,BRCOGNACNOR2,0.6031553710131398,0.343321797696548,EMP. ADM. PART. - EDUCAÇÃO,,,,,,2025-02-25 12:25:35
CPLE6,STOCK,COPEL PNB,10.13,10.35,10.09,10.35,3565300,36615100,0,10.34,10.35,VISTA,100,2025-02-25T10:18:51.940Z,2025-02-25T10:18:51.940Z,2.475,30.95,13.45,62.7,44.51,30.95,13.45,51.59,44.51,21.24,True,28.05,15.89,92.86,36.18,25.39,15.89,96.83,46.32,20.29,1,0.88,1,0.013402322602990409,0.004258194534815675,1.0102463492909437,20.6,BRCPLEACNPB9,0.6411980960555465,0.9351070036736311,ENERGIA ELÉTRICA,,,,,,2025-02-25 12:25:38
CSAN3,STOCK,COSAN ON,6.98,7.21,6.98,7.16,10288800,73185100,0,7.15,7.16,VISTA,100,2025-02-25T10:18:51.858Z,2025-02-25T10:18:51.858Z,2.874,57.43,22.18,87.7,50.98,57.43,26.17,75.4,44.72,40.15,True,47.34,23.16,97.62,74.4,47.34,26.9,95.24,69.72,41.15,-1,0.82,0,0.02186421329476584,0.025636131994849775,1.9124212544856845,43.76,BRCSANACNOR6,0.7440373001949132,0.22264467377829555,"AGRICULTURA (AÇÚCAR, ÁLCOOL E CANA)",,,,,,2025-02-25 12:25:38
CPFE3,STOCK,CPFL ENERGIAON,35.05,35.74,34.96,35.57,1163900,41134700,0,35.57,35.58,VISTA,100,2025-02-25T10:18:51.923Z,2025-02-25T10:18:51.923Z,1.31,24.38,11.35,74.21,42.44,22.4,11.35,76.98,50.05,16.88,True,27.95,10.93,82.94,49.76,27.79,11.56,94.44,48.31,19.4,1,0.9,1,0.010996913617195776,0.008143678768571435,0.005118625789881973,16.13,BRCPFEACNOR0,0.003959383498933763,1.0876066748315076,EMP. ADM. PART. - ENERGIA ELÉTRICA,,,,,,2025-02-25 12:25:28
CMIN3,STOCK,CSNMINERACAOON,5.28,5.32,5.25,5.31,1122200,5941070,0,5.3,5.31,VISTA,100,2025-02-25T10:18:51.785Z,2025-02-25T10:18:51.785Z,0.568,59.79,29.89,82.14,36.82,58.96,32.28,69.05,32.31,40.9,True,74.35,16.28,86.11,37.39,54.44,25.9,79.37,42.36,37.99,0,0.98,0,0.02577284737901625,0.009720393701839448,1.6108186182763322,39.01,BRCMINACNOR2,0.5316541895622365,0.6803494630218436,EXTRAÇÃO MINERAL,,,,,,2025-02-25 12:25:43
CVCB3,STOCK,CVC BRASIL ON,1.77,1.82,1.77,1.81,4969700,8922130,0,1.8,1.81,VISTA,100,2025-02-25T10:18:51.785Z,2025-02-25T10:18:51.785Z,2.841,109.73,41.42,73.81,40.93,109.73,41.42,66.67,40.93,69.38,True,90.03,46.95,51.19,34.19,84.65,54.15,38.1,24.69,61.68,1,0.88,0,0.04301264904200014,0.0471257873176834,2.829390870799301,72.58,BRCVCBACNOR1,0.5595536838783728,0.49853600354746586,HOSPEDAGEM E TURISMO,,,,,,2025-02-25 12:25:44
CYRE3,STOCK,CYRELA REALTON,21.58,22.02,21.58,21.94,880700,19224500,0,21.96,21.97,VISTA,100,2025-02-25T10:18:51.973Z,2025-02-25T10:18:51.973Z,1.293,50.1,25.13,38.89,36.28,50.1,25.13,33.33,36.28,34.19,True,41.85,25.19,72.22,37.21,40.9,25.19,69.84,39.47,31.39,1,0.84,1,0.021675808031136282,0.015208691485964317,1.8374222871210142,40.75,BRCYREACNOR7,0.721072089491529,0.6925453147578466,"CONSTRUÇÃO CIVIL, MAT. CONSTR. E DECORAÇÃO",,,,,,2025-02-25 12:25:45
ELET3,STOCK,ELETROBRAS ON,36.96,37.76,36.9,37.71,1389900,52126600,0,37.69,37.71,VISTA,100,2025-02-25T10:18:51.982Z,2025-02-25T10:18:51.982Z,1.699,30.97,17.14,80.95,39.12,28.36,17.14,82.54,48.22,22.55,True,40.29,21.34,88.49,46.7,30.69,22.6,99.21,93.82,30.19,1,0.87,1,0.01463809378327653,0.015293026236934376,1.2048441626958517,23.34,BRELETACNOR6,0.7001504213655133,0.6730300384003458,ENERGIA ELÉTRICA,,,,,,2025-02-25 12:25:44
ELET6,STOCK,ELETROBRAS PNB,41.28,42.1,41.28,42.09,92700,3878080,0,42.07,42.1,VISTA,100,2025-02-25T10:18:51.982Z,2025-02-25T10:18:51.982Z,1.962,27.42,13,94.05,55.41,27.42,13,88.89,55.41,20.99,True,41.07,19.55,75,31.37,29.91,19.55,80.95,65.15,26.3,1,0.94,1,0.013015326874485216,0.013978364536438616,1.107357411802855,20.79,BRELETACNPB7,0.7237319391983478,0.7442896795012325,ENERGIA ELÉTRICA,,,,,,2025-02-25 12:25:44
EMBR3,STOCK,EMBRAER ON,60.96,62.85,60.81,61.07,3658900,226378000,0,61.04,61.07,VISTA,100,2025-02-25T10:18:51.797Z,2025-02-25T10:18:51.797Z,1.97,62.77,24.35,86.51,40.6,62.3,24.35,90.48,41.11,39.95,True,54.08,26.38,37.3,29.42,50.93,26.38,56.35,33.2,34.53,1,1.08,-1,0.026207652980789056,0.016525060497854238,0.45064557613748113,42.05,BREMBRACNOR4,0.14626889631393256,0.2231435513142097,"MÁQUINAS, EQUIPAMENTOS, VEÍCULOS E PEÇAS",,,,,,2025-02-25 12:25:50
ENGI11,STOCK,ENERGISA UNT,40.53,42.03,40.47,41.98,741100,30742700,0,41.97,41.98,VISTA,100,2025-02-25T10:18:51.816Z,2025-02-25T10:18:51.816Z,3.629,33.72,15.84,86.51,57.61,33.72,15.84,76.19,57.61,26.14,True,44.63,10.64,75.79,44.9,44.63,10.64,75.4,44.9,25.9,1,1.02,1,0.01568088547988061,0.012432444124243375,1.2167005416622703,27.64,BRENGICDAM16,0.6600215568260963,0.6031507267268621,EMP. ADM. PART. - ENERGIA ELÉTRICA,,,,,,2025-02-25 12:25:50
ENEV3,STOCK,ENEVA ON,12.02,12.49,11.94,12.38,2615400,32177600,0,12.37,12.38,VISTA,100,2025-02-25T10:18:51.858Z,2025-02-25T10:18:51.858Z,3.859,53.2,15.48,86.51,39.02,53.2,16.46,73.02,37.4,30.2,True,37.8,16.76,97.62,91.06,37.8,21.04,96.83,88.78,35.92,0,0.85,1,0.017011790225298595,0.013550307613544402,1.069818692312033,28.18,BRENEVACNOR8,0.5349401128062189,0.5177828853054025,ENERGIA ELÉTRICA,,,,,,2025-02-25 12:25:52
EGIE3,STOCK,ENGIE BRASILON,36.89,36.99,36.6,36.98,187000,6881900,0,36.97,36.99,VISTA,100,2025-02-25T10:18:51.947Z,2025-02-25T10:18:51.947Z,1.038,27.92,12.05,52.38,29.99,23.09,12.05,44.44,43.12,16.81,True,23.45,12.71,30.56,43.95,23.45,14.12,15.08,35.48,17.43,1,0.84,1,0.011157260787277619,0.007062189689211347,0.7029044491146521,15.73,BREGIEACNOR9,0.5358999417370091,0.35080482197257123,ENERGIA ELÉTRICA,,,,,,2025-02-25 12:25:36
EQTL3,STOCK,EQUATORIAL ON,30.26,31.19,30.24,31.12,1755500,54215300,0,31.1,31.12,VISTA,100,2025-02-25T10:18:51.807Z,2025-02-25T10:18:51.807Z,2.571,35.71,14.55,61.11,48.16,35.71,16.32,50.79,43.42,24.74,True,35.01,19.36,87.7,66.84,32.46,19.36,84.13,79.85,29.82,0,1.09,-1,0.015068714655040128,0.008888834324812387,1.1903400772185617,24.15,BREQTLACNOR0,0.6719544723238807,0.686480489201756,ENERGIA ELÉTRICA,,,,,,2025-02-25 12:25:50
EZTC3,STOCK,EZTEC ON,13.26,13.33,13.11,13.17,376400,4960500,0,13.18,13.19,VISTA,100,2025-02-25T10:18:51.812Z,2025-02-25T10:18:51.812Z,-0.227,51.38,29.48,10.32,35.25,48.64,30.75,10.32,36.05,37.2,True,61.33,21.42,61.11,45.58,50.56,28.99,68.25,49.24,39.61,1,0.87,1,0.024551319228230534,0.0163251650783288,1.6902564858382347,39.34,BREZTCACNOR0,0.5856292766107347,0.7947269733778655,"EMP. ADM. PART. - CONST. CIVIL, MAT. CONST. E DECORAÇÃO",,,,,,2025-02-25 12:25:56
FLRY3,STOCK,FLEURY ON,11.72,11.76,11.58,11.66,738700,8610960,0,11.65,11.66,VISTA,100,2025-02-25T10:18:51.784Z,2025-02-25T10:18:51.784Z,-0.171,41.94,14.9,97.62,47.63,41.94,15.87,95.24,45.68,27.78,True,53.92,16.3,95.63,37.72,53.92,17.45,91.27,35.76,30.49,-1,0.9,0,0.015633631665412127,0.009628280687767008,1.0649334218379352,23.76,BRFLRYACNOR5,0.579438814200138,0.4795410561797737,SERVIÇOS MÉDICOS,,,,,,2025-02-25 12:25:56
GGBR4,STOCK,GERDAU PN,16.25,16.46,16.13,16.4,2008900,32785700,0,16.38,16.4,VISTA,100,2025-02-25T10:18:51.960Z,2025-02-25T10:18:51.960Z,0.799,40.66,19.18,95.24,43.44,40.66,19.87,91.27,41.56,28.51,True,70.98,21.41,56.75,11.1,70.98,22.23,30.95,9.6,26.91,-1,0.92,-1,0.017865512927391063,0.020576329189828147,0.9710161542642753,28.35,BRGGBRACNPR8,0.4623341435696409,0.9741138416402018,METALURGIA E SIDERURGIA,,,,,,2025-02-25 12:25:57
GOAU4,STOCK,GERDAU MET PN,8.93,9,8.82,8.95,2594300,23117600,0,8.94,8.95,VISTA,100,2025-02-25T10:18:51.909Z,2025-02-25T10:18:51.909Z,0.224,41.18,16.25,95.24,50.18,41.18,20.3,90.48,40.52,28.76,True,34,20.62,50,43.8,34,22.69,19.05,33.51,26.48,-1,0.92,-1,0.017365441729464734,0.0175761885773598,1.0581314266128208,29.05,BRGOAUACNPR8,0.5183209703696071,0.9279867716373464,METALURGIA E SIDERURGIA,,,,,,2025-02-25 12:25:56
NTCO3,STOCK,GRUPO NATURAON,13.55,13.58,13.12,13.18,2739800,36316400,0,13.18,13.19,VISTA,100,2025-02-25T10:18:51.796Z,2025-02-25T10:18:51.796Z,-2.37,52.39,26.25,57.14,44.99,52.39,29.98,45.24,35.83,38.01,True,64.84,31.18,48.02,36.24,60.36,33.26,43.65,37.34,43.38,1,0.86,1,0.023932040721050464,0.019291967951750588,1.3365104400845493,38.1,BRNTCOACNOR5,0.47504814254377314,0.6634984866378154,FARMACÊUTICO E HIGIENE,,,,,,2025-02-25 12:26:00
HAPV3,STOCK,HAPVIDA ON,2.23,2.28,2.19,2.24,32008000,71407800,0,2.23,2.24,VISTA,100,2025-02-25T10:18:51.904Z,2025-02-25T10:18:51.904Z,0.448,77.09,27.53,86.9,48.83,77.09,27.53,73.81,48.83,51.73,True,79.28,33.32,52.78,49.72,79.28,39.69,34.13,41.63,56.17,-1,0.88,0,0.028843311902662466,0.017649125546176685,1.8613315246116884,58.79,BRHAPVACNOR4,0.5489383953369888,0.3375677269626497,SERVIÇOS MÉDICOS,,,,,,2025-02-25 12:25:57
HYPE3,STOCK,HYPERA ON,19.24,19.54,19.21,19.44,1157400,22467300,0,19.43,19.44,VISTA,100,2025-02-25T10:18:51.785Z,2025-02-25T10:18:51.785Z,1.25,60.43,22.84,18.65,22.45,60.43,23.88,20.63,20.25,31.28,True,55.65,25.4,93.65,59.93,55.65,26.21,87.3,58.83,43.53,1,0.78,-1,0.020779920295093374,0.020047976200274605,0.9819289374355491,31.82,BRHYPEACNOR0,0.40195846894939685,0.1958758138534783,FARMACÊUTICO E HIGIENE,,,,,,2025-02-25 12:26:03
IGTI11,STOCK,IGUATEMI S.AUNT,18.41,18.69,18.22,18.55,5844500,107168000,0,18.54,18.56,VISTA,100,2025-02-25T10:18:51.881Z,2025-02-25T10:18:51.881Z,1.366,34.74,17.83,80.56,60.91,34.74,17.83,70.63,60.91,28.13,True,46.75,19.02,92.46,44.39,46.75,19.02,90.48,44.39,31.33,1,0.86,-1,0.01641508098773115,0.017643995198766093,1.244819797069685,50.49,BRIGTICDAM16,0.6450723970781629,0.5254376183234163,,,,,,,2025-02-25 12:26:03
IRBR3,STOCK,IRBBRASIL REON,54.4,56.31,54.33,54.74,725100,40085100,0,54.67,54.74,VISTA,100,2025-02-25T10:18:51.869Z,2025-02-25T10:18:51.869Z,1.127,109.57,25.29,29.76,27.84,69.84,37.97,9.52,33.82,48.75,True,58.11,31.69,86.9,60.33,56.08,34.78,80.16,60.33,47.63,1,1.06,0,0.03240805502725137,0.009925698662027117,1.2893715263921792,49.6,BRIRBRACNOR4,0.3384309784978408,0.3744548713656042,SEGURADORAS E CORRETORAS,,,,,,2025-02-25 12:26:04
ITSA4,STOCK,ITAUSA PN,9.01,9.1,9,9.09,8963300,81049900,0,9.09,9.1,VISTA,100,2025-02-25T10:18:51.768Z,2025-02-25T10:18:51.768Z,1.225,29.23,13.28,78.97,42.51,29.23,13.41,57.94,42.04,20.06,True,25.14,11.55,51.19,58.35,25.14,11.55,27.78,58.35,19.48,1,0.88,0,0.011967188423321553,0.0064754715055821725,1.0812751451189797,20.35,BRITSAACNPR7,0.7685800246197971,0.7356258331521982,EMP. ADM. PART. - SEM SETOR PRINCIPAL,,,,,,2025-02-25 12:26:07
ITUB4,STOCK,ITAUUNIBANCOPN,32.78,33.08,32.63,33.04,5760700,189438000,0,33.04,33.06,VISTA,100,2025-02-25T10:18:51.773Z,2025-02-25T10:18:51.773Z,1.599,28.33,11.17,76.59,49.42,28.33,14.72,57.94,36.22,19.65,True,39.59,15.71,44.44,12.73,39.59,16.27,32.54,10.63,18.75,1,0.95,0,0.011982904010032946,0.0036303737571754904,1.0108536347089723,19.55,BRITUBACNPR1,0.7175814420057455,0.7802164262455201,BANCOS,,,,,,2025-02-25 12:26:07
JBSS3,STOCK,JBS ON,30.7,31.18,30.7,31.13,3713000,114739000,0,31.12,31.14,VISTA,100,2025-02-25T10:18:51.747Z,2025-02-25T10:18:51.747Z,1.799,48.39,23.99,83.33,27.83,37.69,24.25,95.24,48.59,30.78,True,43.34,19.83,73.41,64.31,41.87,19.83,65.08,68.6,34.95,-1,0.97,-1,0.019743948224100003,0.01476202298243652,0.8702752228909998,31.67,BRJBSSACNOR8,0.37494504405116647,0.29570393481755364,ALIMENTOS,,,,,,2025-02-25 12:26:07
KLBN11,STOCK,KLABIN S/A UNT,20.94,21.07,20.87,21.05,731100,15344400,0,21.04,21.05,VISTA,100,2025-02-25T10:18:51.884Z,2025-02-25T10:18:51.884Z,0.525,27.14,14.69,39.29,27.87,27.14,15.33,38.89,23.96,18.16,True,29.46,16.49,64.68,31.07,29.46,18.09,54.76,21.37,20.52,0,1.03,-1,0.01202162897165198,0.004880838227905399,0.5252058324825855,19.07,BRKLBNCDAM18,0.37163039091931,0.780922791442331,PAPEL E CELULOSE,,,,,,2025-02-25 12:26:07
RENT3,STOCK,LOCALIZA ON,28.03,28.48,27.67,28.17,2478900,69580700,0,28.15,28.17,VISTA,100,2025-02-25T10:18:51.752Z,2025-02-25T10:18:51.752Z,1.076,84.69,26.63,83.73,30.83,61.43,31.4,87.3,43.72,44.53,True,58.55,25.7,99.21,76.89,58.55,28.07,98.41,75.1,50.96,-1,1.01,-1,0.027124602939093797,0.028263311107644136,1.6886617338448875,55.83,BRRENTACNOR4,0.529571097439579,0.37613250566903134,SERVIÇOS TRANSPORTE E LOGÍSTICA,,,,,,2025-02-25 12:26:12
LREN3,STOCK,LOJAS RENNERON,11.16,11.27,11.05,11.25,10886600,121523000,0,11.24,11.25,VISTA,100,2025-02-25T10:18:51.895Z,2025-02-25T10:18:51.895Z,0.446,72.44,31.8,99.6,41.54,72.44,31.8,99.21,41.54,48.68,True,58.8,33.64,80.95,44.12,58.8,33.64,72.22,44.12,44.74,-1,0.98,-1,0.028696874104573035,0.06753254990721072,2.164893209837795,51.46,BRLRENACNOR1,0.6417219399424541,0.6696443361051626,COMÉRCIO (ATACADO E VAREJO),,,,,,2025-02-25 12:26:11
LWSA3,STOCK,LWSA ON,2.83,3,2.83,2.96,6482200,19145100,0,2.95,2.96,VISTA,100,2025-02-25T10:18:51.960Z,2025-02-25T10:18:51.960Z,5.714,62.46,36.13,94.44,43.49,60.11,36.13,93.65,47.75,47.58,True,69.41,38.28,96.43,50.43,60.71,38.28,96.83,70,53.98,0,0.92,-1,0.029488628694060024,0.03462601211754611,2.088699494150116,55.57,BRLWSAACNOR8,0.6025129508147551,0.5275232220537872,COMUNICAÇÃO E INFORMÁTICA,,,,,,2025-02-25 12:26:01
MGLU3,STOCK,MAGAZ LUIZA ON,6.9,7.35,6.87,7.3,16125000,115019000,0,7.3,7.31,VISTA,100,2025-02-25T10:18:51.811Z,2025-02-25T10:18:51.811Z,6.259,81.52,41.47,75.79,53.71,81.52,41.47,73.81,53.71,62.98,True,86.97,46.41,70.63,56.66,72.98,46.41,83.33,86.49,69.39,0,0.96,-1,0.03942302901316753,0.04062863379351428,3.0937238254911485,66.87,BRMGLUACNOR2,0.6675388622508289,0.255322449678445,COMÉRCIO (ATACADO E VAREJO),,,,,,2025-02-25 12:26:17
MRFG3,STOCK,MARFRIG ON,13.64,13.9,13.6,13.88,1160600,15979600,0,13.87,13.88,VISTA,100,2025-02-25T10:18:51.908Z,2025-02-25T10:18:51.908Z,3.12,62,35.38,7.94,19.8,57.49,35.38,15.87,23.84,40.65,True,54.44,30.96,90.87,74.83,53.73,30.96,84.92,77.16,48.53,-1,0.92,-1,0.028193763498738394,0.01291727832144163,1.125572544584275,45.1,BRMRFGACNOR0,0.3395982476420421,0.26889305195014956,ALIMENTOS,,,,,,2025-02-25 12:26:12
BEEF3,STOCK,MINERVA ON,4.37,4.46,4.37,4.43,1387200,6127740,0,4.43,4.44,VISTA,100,2025-02-25T10:18:51.811Z,2025-02-25T10:18:51.811Z,1.373,64.91,27.84,82.14,46.97,64.91,28.35,65.87,46.23,45.25,True,50.22,27.64,90.48,92.03,50.22,34.41,82.54,88.61,48.42,-1,0.95,0,0.02641280668729342,0.026435409318050426,0.7197184192326899,42.3,BRBEEFACNOR6,0.2317891305763357,0.5230151792905763,ALIMENTOS,,,,,,2025-02-25 12:26:07
MRVE3,STOCK,MRV ON,5.08,5.42,5.01,5.31,11702800,60727000,0,5.31,5.32,VISTA,100,2025-02-25T10:18:51.940Z,2025-02-25T10:18:51.940Z,-0.748,76.74,35.32,50,28.15,76.74,35.32,38.89,28.15,46.98,True,78.71,37.75,95.24,30.25,78.71,38.46,90.48,29.02,50.14,0,0.78,0,0.02884237513932768,0.02425292954488814,2.052771693326979,59.86,BRMRVEACNOR2,0.6054170269583399,0.725224937065951,"CONSTRUÇÃO CIVIL, MAT. CONSTR. E DECORAÇÃO",,,,,,2025-02-25 12:26:29
MULT3,STOCK,MULTIPLAN ON,21.73,22.07,21.62,21.92,967200,21128300,0,21.91,21.92,VISTA,100,2025-02-25T10:18:51.856Z,2025-02-25T10:18:51.856Z,0.782,34.92,17.24,36.9,43.04,34.06,17.24,44.44,45.24,24.85,True,40.9,22.43,53.57,26.1,40.9,23.69,32.54,20.69,27.25,0,0.94,-1,0.015942185953005488,0.01229334984574797,1.2090475878579074,26.2,BRMULTACNOR5,0.6451200300061162,0.6915364419566595,"EMP. ADM. PART. - CONST. CIVIL, MAT. CONST. E DECORAÇÃO",,,,,,2025-02-25 12:26:26
PCAR3,STOCK,P.ACUCAR-CBDON,2.66,2.71,2.66,2.7,1355600,3632910,0,2.69,2.7,VISTA,100,2025-02-25T10:18:51.853Z,2025-02-25T10:18:51.853Z,1.504,99.73,35.96,47.62,32.85,99.73,35.96,67.46,32.85,56.91,True,90.63,37.09,30.56,33.45,70.43,37.09,41.27,53.72,55,1,0.98,-1,0.03679850131518405,0.03582471682653498,1.6346250715328174,51.88,BRPCARACNOR3,0.3778618321525648,1.0616506253148337,COMÉRCIO (ATACADO E VAREJO),,,,,,2025-02-25 12:25:57
PETR3,STOCK,PETROBRAS ON,42.09,42.28,42.04,42.07,3534700,149036000,0,42.04,42.07,VISTA,100,2025-02-25T10:18:51.989Z,2025-02-25T10:18:51.989Z,0.214,39.38,17.39,17.06,24.6,27.09,17.39,32.54,55.77,22.8,True,36.74,19.82,25.79,14.95,30.65,19.82,47.62,23.36,22.35,1,1.14,1,0.017050466387553625,0.006751339185668133,0.2045234189309384,24.82,BRPETRACNOR9,0.10203561419147761,0.710771134715309,PETRÓLEO E GÁS,,,,,,2025-02-25 12:26:34
PETR4,STOCK,PETROBRAS PN,38.12,38.44,38.12,38.27,11835500,453506000,0,38.27,38.3,VISTA,100,2025-02-25T10:18:51.989Z,2025-02-25T10:18:51.989Z,0.393,33.2,13.78,11.51,30.48,25.02,13.78,23.02,52.67,19.7,True,42.46,15.37,30.95,27.72,28.49,15.37,60.32,57.24,22.88,1,1.08,0,0.01544903898372163,0.007160450096118946,0.6996329621643586,22.29,BRPETRACNPR6,0.3852244069498867,0.8609406367909901,PETRÓLEO E GÁS,,,,,,2025-02-25 12:26:38
RECV3,STOCK,PETRORECSA ON,15.79,15.96,15.78,15.81,289200,4582440,0,15.81,15.82,VISTA,100,2025-02-25T10:18:51.985Z,2025-02-25T10:18:51.985Z,0.127,46.38,22.02,97.62,43.39,42.95,22.02,99.21,50.5,32.59,True,91.43,7.5,59.52,17.09,91.43,8.65,56.35,15.93,21.84,0,0.98,1,0.02117261186357421,0.040333189432913516,1.1458148324310267,33.53,BRRECVACNOR3,0.46246321967754267,0.7718574429997032,PETRÓLEO E GÁS,,,,,,2025-02-25 12:26:30
PRIO3,STOCK,PETRORIO ON,36.8,37.43,36.73,37.05,1979100,73397800,0,37.02,37.05,VISTA,100,2025-02-25T10:18:51.957Z,2025-02-25T10:18:51.957Z,0.871,39.34,22.37,4.76,21.86,37.85,22.37,7.14,23.97,26.08,True,42.35,22.89,20.63,18.91,40.17,22.89,34.13,21.3,26.57,-1,0.94,-1,0.01784738200458248,0.008606772254554546,0.821736121500576,30.04,BRPRIOACNOR1,0.39165426516782553,0.7551873362316665,PETRÓLEO E GÁS,,,,,,2025-02-25 12:26:40
PETZ3,STOCK,PETZ ON,4.13,4.34,4.11,4.28,2300800,9781850,0,4.27,4.28,VISTA,100,2025-02-25T10:18:51.987Z,2025-02-25T10:18:51.987Z,3.883,122.94,35.21,0,22.33,79.15,35.21,0,44.58,54.8,True,84.22,45.86,33.73,26.41,76.48,45.86,51.59,33.08,55.99,1,0.92,-1,0.041521522476238436,0.009406825326424303,1.9266310868888297,63.07,BRPETZACNOR2,0.3947028805622296,0.8738836611212792,COMÉRCIO (ATACADO E VAREJO),,,,,,2025-02-25 12:26:35
RADL3,STOCK,RAIADROGASILON,18.98,19.08,18.69,19.02,2441200,46242400,0,19.02,19.03,VISTA,100,2025-02-25T10:18:51.759Z,2025-02-25T10:18:51.759Z,0.635,40.4,18.71,85.32,48.32,40.4,19.87,70.63,45.4,29.19,True,48.02,16.27,85.32,56.63,41.37,19.21,76.19,67.87,34.25,-1,0.83,-1,0.017303960731480727,0.018552072021785226,1.0158788732751505,24.81,BRRADLACNOR0,0.49939180305186043,0.5499687904883075,COMÉRCIO (ATACADO E VAREJO),,,,,,2025-02-25 12:26:44
RAIZ4,STOCK,RAIZEN PN,1.7,1.72,1.66,1.72,9692500,16375600,0,1.71,1.72,VISTA,100,2025-02-25T10:18:51.779Z,2025-02-25T10:18:51.779Z,1.176,60.07,23.68,92.86,46.11,60.07,23.68,85.71,46.11,40.46,True,76.04,22.73,87.3,27.27,76.04,23.33,75.4,26.45,37.27,-1,0.74,-1,0.02314975656870425,0.027392764118822892,1.494946201216718,34.13,BRRAIZACNPR6,0.5493183884301728,0.33513167216476863,COMÉRCIO (ATACADO E VAREJO),,,,,,2025-02-25 12:26:44
RDOR3,STOCK,REDE D OR ON,27.99,28.72,27.99,28.51,626900,17878200,0,28.52,28.53,VISTA,100,2025-02-25T10:18:51.940Z,2025-02-25T10:18:51.940Z,0.813,45.89,20.8,24.21,25.63,30.66,20.8,48.41,65.21,27.23,True,42.43,23.12,42.06,60.02,41.3,23.12,67.46,63.75,34.71,1,1.04,-1,0.0182933103340452,0.017881433970962958,1.2214468795699065,29.48,BRRDORACNOR8,0.5679724681653433,0.7191827847941726,SERVIÇOS MÉDICOS,,,,,,2025-02-25 12:26:38
RAIL3,STOCK,RUMO S.A. ON,18.07,18.14,17.84,17.99,9421300,169360000,0,17.99,18,VISTA,100,2025-02-25T10:18:51.771Z,2025-02-25T10:18:51.771Z,-0.056,35.58,17.11,90.87,50.14,35.58,17.11,81.75,50.14,26.37,True,38.28,21.38,73.41,61.95,38.28,22.89,54.76,58.22,31.85,1,0.95,-1,0.016122910945219778,0.004124894990826004,1.2341889834325253,24.84,BRRAILACNOR9,0.6511532495528877,0.6412753498531052,EMP. ADM. PART. - SERVIÇOS TRANSPORTE E LOGÍSTICA,,,,,,2025-02-25 12:26:45
SBSP3,STOCK,SABESP ON,97.79,99.16,96.94,98.01,1705300,166702000,0,97.96,98.02,VISTA,100,2025-02-25T10:18:51.859Z,2025-02-25T10:18:51.859Z,1.01,35.84,16.19,42.06,35.47,28.11,16.19,44.44,58.47,23.16,True,41.37,18.77,36.9,23.23,29.68,18.77,63.49,48.12,24.02,1,1.1,0,0.015191513264616674,0.004874515997707068,0.9469778559121703,24.16,BRSBSPACNOR5,0.5302537985182035,0.565545496119097,"SANEAMENTO, SERV. ÁGUA E GÁS",,,,,,2025-02-25 12:26:53
SANB11,STOCK,SANTANDER BRUNT,26.3,26.65,26.3,26.59,272000,7216930,0,26.59,26.6,VISTA,100,2025-02-25T10:18:51.779Z,2025-02-25T10:18:51.779Z,1.103,33.71,14.03,92.46,52.24,33.71,14.24,84.92,51.72,24.31,True,34.36,16.32,73.41,22.78,34.36,16.32,61.11,22.78,20.43,1,0.86,1,0.01452163355601937,0.008923738471710612,1.041688872137274,21.04,BRSANBCDAM13,0.610193466586064,0.6454617681100521,BANCOS,,,,,,2025-02-25 12:26:53
STBP3,STOCK,SANTOS BRP ON,13.16,13.17,13.13,13.15,1423800,18718100,0,13.14,13.15,VISTA,100,2025-02-25T10:18:51.850Z,2025-02-25T10:18:51.850Z,0,69.58,4.42,0,30.49,69.58,4.42,0,30.49,24.29,True,49.31,0,0,0,44.72,0,0,0,0,0,0.93,-1,0.02076559146507832,0.0006078164202907866,0.5291590551959752,1.99,BRSTBPACNOR3,0.21776050822067652,0.19160602394329249,EMP. ADM. PART. - SERVIÇOS TRANSPORTE E LOGÍSTICA,,,,,,2025-02-25 12:26:57
SMTO3,STOCK,SAO MARTINHOON,21.45,22.2,21.45,22.02,544100,11929000,0,22,22.02,VISTA,100,2025-02-25T10:18:51.975Z,2025-02-25T10:18:51.975Z,2.61,45.16,23.11,92.46,53.38,45.16,23.11,84.92,53.38,34.88,True,52.95,17.09,29.76,44.06,45.6,25.26,24.6,37.51,32.89,-1,1.01,0,0.021269055038615915,0.02549092202717595,1.0727764119196432,34.17,BRSMTOACNOR3,0.4310207867811217,0.6001707241018405,"AGRICULTURA (AÇÚCAR, ÁLCOOL E CANA)",,,,,,2025-02-25 12:27:24
CSNA3,STOCK,SID NACIONALON,8.4,8.57,8.39,8.42,4362700,37013000,0,8.42,8.43,VISTA,100,2025-02-25T10:18:51.876Z,2025-02-25T10:18:51.876Z,-0.473,60.43,22.75,74.6,56.69,60.43,36.1,49.21,32.92,44.11,True,63.59,30.24,89.29,44.11,63.59,33.39,78.57,38.28,44.95,0,0.85,1,0.025893649623150695,0.011638601250406543,1.7732285194068353,41.08,BRCSNAACNOR6,0.582527513381473,0.4320978406737633,METALURGIA E SIDERURGIA,,,,,,2025-02-25 12:27:43
SLCE3,STOCK,SLC AGRICOLAON,18,18.24,18,18.23,224900,4085480,0,18.21,18.23,VISTA,100,2025-02-25T10:18:51.889Z,2025-02-25T10:18:51.889Z,0.885,31.86,13.51,89.68,45.94,28.5,13.51,86.51,56.24,21.94,True,31.31,14.47,63.1,32.24,31.31,14.92,78.57,30.38,19.9,1,0.95,0,0.013717692558418369,0.018932135556504484,0.5516004049392434,22,BRSLCEACNOR2,0.3436217978909784,1.1489130271429087,"AGRICULTURA (AÇÚCAR, ÁLCOOL E CANA)",,,,,,2025-02-25 12:27:30
SUZB3,STOCK,SUZANO S.A. ON,57.64,57.64,56.67,57.24,2378500,135386000,0,57.23,57.24,VISTA,100,2025-02-25T10:18:51.926Z,2025-02-25T10:18:51.926Z,0.368,52.99,14.35,17.06,21.58,28.03,16.96,26.98,51.76,22.69,True,41.62,20.14,6.35,8.66,32.98,20.14,11.11,14.49,22,-1,1.01,-1,0.01725257041031182,0.00815389788261394,0.24390305236594842,27.45,BRSUZBACNOR0,0.12025646372352537,0.4827210537184456,PAPEL E CELULOSE,,,,,,2025-02-25 12:27:42
TAEE11,STOCK,TAESA UNT,32.77,33.09,32.7,33.02,240100,7913040,0,33.01,33.03,VISTA,100,2025-02-25T10:18:51.977Z,2025-02-25T10:18:51.977Z,0.763,21.72,8.86,84.13,51.24,21.72,10.18,68.25,45.67,15.45,True,26.3,10.47,67.86,38.66,23.9,11.16,57.94,42.62,16.59,0,0.94,0,0.009096545159461965,0.005920520920720574,0.6211328809805368,15.23,BRTAEECDAM10,0.5808353529536265,1.061284331825127,EMP. ADM. PART. - ENERGIA ELÉTRICA,,,,,,2025-02-25 12:27:24
VIVT3,STOCK,TELEF BRASILON,52.9,53.65,52.89,53.55,483700,25861400,0,53.55,53.56,VISTA,100,2025-02-25T10:18:51.798Z,2025-02-25T10:18:51.798Z,1.409,32.92,14.46,65.48,45.34,30.06,15.93,63.49,48.83,22.83,True,38.52,7.89,24.6,0,38.52,7.89,11.9,0,7.89,1,0.94,1,0.014560054800129323,0.009603257784309194,0.8291561166566291,21.87,BRVIVTACNOR0,0.4844158014287024,0.7218323285588039,TELECOMUNICAÇÕES,,,,,,2025-02-25 12:27:48
TIMS3,STOCK,TIM ON,17.22,17.23,17.03,17.14,1146500,19634100,0,17.13,17.14,VISTA,100,2025-02-25T10:18:51.755Z,2025-02-25T10:18:51.755Z,0.351,37.22,16.59,89.68,48.28,37.22,16.59,87.3,48.28,26.55,True,30.81,14.52,84.52,79.5,30.81,14.52,79.37,79.5,27.47,1,0.85,1,0.01647572704572149,0.005507046209513072,0.8199039932827775,25.82,BRTIMSACNOR5,0.42331476347111424,0.6672464521277881,TELECOMUNICAÇÕES,,,,,,2025-02-25 12:27:42
TOTS3,STOCK,TOTVS ON,34.66,35.49,34.39,35.44,607800,21404000,0,35.43,35.44,VISTA,100,2025-02-25T10:18:51.859Z,2025-02-25T10:18:51.859Z,3.233,52.68,19.72,71.83,44.63,52.68,19.72,43.65,44.63,34.43,True,73.67,14.23,90.08,44.9,73.67,14.23,81.75,44.9,40.92,1,1.01,1,0.02024530435627278,0.01706510105174433,1.265446585744616,31.55,BRTOTSACNOR8,0.5341419689689544,0.8806709245411835,COMUNICAÇÃO E INFORMÁTICA,,,,,,2025-02-25 12:27:51
TRPL4,STOCK,TRAN PAULISTPN,0,0,0,24.17,0,0,0,0,0,VISTA,100,2024-11-15T10:18:44.814Z,2024-11-15T10:18:44.814Z,0,35.65,10.19,26.19,36.45,30.24,10.19,46.03,46.28,19.47,True,38.02,6.87,27.78,27.13,34.21,8.76,33.33,25.78,15.32,0,0.93,0,0.014050112550079678,0.008391825876497915,0.11020900618169432,22.3,BRTRPLACNPR1,0.0670308115664795,0.7392382877602123,ENERGIA ELÉTRICA,,,,,,2024-11-19 19:37:11
UGPA3,STOCK,ULTRAPAR ON,16.43,16.72,16.25,16.66,1967400,32428700,0,16.66,16.67,VISTA,100,2025-02-25T10:18:51.897Z,2025-02-25T10:18:51.897Z,2.334,47.04,21.27,80.56,50.33,47.04,24.23,69.05,43.88,34.24,True,44.25,20.19,90.48,62.64,44.25,26.6,86.51,49.07,35.26,0,0.78,0,0.02038704637205862,0.012937590421016713,1.6108266964738671,30.14,BRUGPAACNOR8,0.6721086886345061,0.26519363155379627,EMP. ADM. PART. - PETRÓLEO E GÁS,,,,,,2025-02-25 12:27:51
USIM5,STOCK,USIMINAS PNA,5.8,5.89,5.79,5.86,2322700,13582900,0,5.85,5.86,VISTA,100,2025-02-25T10:18:51.826Z,2025-02-25T10:18:51.826Z,0.687,109.11,27.15,30.16,19.08,59.65,29.98,15.87,43.17,42.79,True,50.93,25.46,41.27,42.6,50.93,27.56,25.4,37.44,36.31,1,0.73,1,0.029969140417966427,0.014634911154641652,0.438857020713127,47.9,BRUSIMACNPA6,0.12456434989586292,0.20810735511498574,METALURGIA E SIDERURGIA,,,,,,2025-02-25 12:27:52
VALE3,STOCK,VALE ON,57.3,57.44,56.91,56.99,7360800,420973000,0,56.99,57,VISTA,100,2025-02-25T10:18:51.817Z,2025-02-25T10:18:51.817Z,-1.111,34.32,14.32,67.46,44.9,34.32,19.95,37.3,23.31,23.3,True,42.61,18.06,28.97,19.59,42.61,20.25,5.56,11.72,22.87,0,1.08,1,0.014466268790906735,0.0146328881559326,0.8479248391306458,23.1,BRVALEACNOR0,0.49859260091421687,0.8101043841436282,EXTRAÇÃO MINERAL,,,,,,2025-02-25 12:27:53
VAMO3,STOCK,VAMOS ON,4.31,4.37,4.28,4.33,1864400,8058430,0,4.32,4.33,VISTA,100,2025-02-25T10:18:51.825Z,2025-02-25T10:18:51.825Z,0.698,80.66,35.5,95.63,47.01,80.66,35.5,91.27,47.01,56.73,True,99.14,16.12,44.05,24.69,99.14,16.12,46.83,24.69,36.62,0,0.93,0,0.03381448072043256,0.026702218357024948,2.187226950919332,62.06,BRVAMOACNOR7,0.5527494521776843,0.4754768283842187,EMP. ADM. PART. - SERVIÇOS TRANSPORTE E LOGÍSTICA,,,,,,2025-02-25 12:27:55
VBBR3,STOCK,VIBRA ON,17.21,18.12,16.99,18.05,9887700,173569000,0,18.05,18.06,VISTA,100,2025-02-25T10:18:51.859Z,2025-02-25T10:18:51.859Z,4.82,40.4,18.73,90.87,45.92,40.4,18.73,81.75,45.92,28.68,True,40.78,24.8,89.29,65.64,37.66,25.66,90.48,80.25,35.29,0,0.88,0,0.017095091914843638,0.015404737645789377,1.2814534509693947,27.45,BRVBBRACNOR1,0.6376412385216349,0.36468275758482227,,,,,,,2025-02-25 12:27:58
VIVA3,STOCK,VIVARA S.A. ON,18.51,18.51,18.21,18.33,470000,8615940,0,18.33,18.34,VISTA,100,2025-02-25T10:18:51.796Z,2025-02-25T10:18:51.796Z,0.109,47.62,26.64,89.29,54.39,46.54,26.64,81.75,57.34,38.05,True,50.54,16.18,98.41,62.19,45.74,24.84,98.41,60.81,37.55,-1,0.82,0,0.02468363599655959,0.019635060073606846,1.709518779750655,42.44,BRVIVAACNOR0,0.589128108880964,0.5356864307895229,COMÉRCIO (ATACADO E VAREJO),,,,,,2025-02-25 12:28:00
WEGE3,STOCK,WEG ON,52.18,52.45,51.9,52.35,1730300,90476100,0,52.34,52.35,VISTA,100,2025-02-25T10:18:51.802Z,2025-02-25T10:18:51.802Z,1.552,49.86,12.27,78.57,38.02,37.96,20.12,80.95,36.1,26.56,True,32.65,14.14,99.21,73.42,30.36,20.36,99.21,73.7,27.73,0,1,0,0.016200804963114202,0.013407565856930623,0.5398382403705678,32.09,BRWEGEACNOR0,0.28344712316120035,0.2148951867720866,"EMP. ADM. PART. - MÁQS., EQUIP., VEÍC. E PEÇAS",,,,,,2025-02-25 12:27:55
YDUQ3,STOCK,YDUQS PART ON,11.18,11.36,10.83,10.94,1935100,21349500,0,10.93,10.94,VISTA,100,2025-02-25T10:18:51.796Z,2025-02-25T10:18:51.796Z,-3.357,70.58,41.63,57.14,37.69,65.92,45.03,36.51,35.95,52.54,True,93.86,41.09,33.33,43.09,72.22,45.81,20.63,68.23,63.83,1,1.02,1,0.03362214732489297,0.0280813579826501,2.20516797495757,53.61,BRYDUQACNOR3,0.5579062565857599,0.32110732023658084,EMP. ADM. PART. - EDUCAÇÃO,,,,,,2025-02-25 12:28:00
